date,time,A_West_Actual,B_Genesee_Actual,C_Central_Actual,D_North_Actual,E_Mohawk_Valley_Actual,F_Capital_Actual,G_Hudson_Valley_Actual,H_Millwood_Actual,I_Dunwoodie_Actual,J_NYC_Actual,K_Long_Island_Actual,A_West_Forecast,B_Genesee_Forecast,C_Central_Forecast,D_North_Forecast,E_Mohawk_Valley_Forecast,F_Capital_Forecast,G_Hudson_Valley_Forecast,H_Millwood_Forecast,I_Dunwoodie_Forecast,J_NYC_Forecast,K_Long_Island_Forecast
1/1/2005,0:00,1497,952,1591,709,671,1065,1102,195,625,5007,2203,1554,907,1645,707,622,1058,995,209,557,4509,1964
1/1/2005,1:00,1411,896,1517,696,622,999,1027,177,585,4780,2027,1504,865,1579,702,587,1017,951,195,520,4253,1834
1/1/2005,2:00,1346,842,1438,691,585,948,975,161,549,4538,1877,1484,847,1547,704,585,1017,924,189,505,4080,1758
1/1/2005,3:00,1312,817,1405,687,564,923,951,156,524,4367,1783,1468,838,1529,699,577,1010,914,185,495,3993,1724
1/1/2005,4:00,1311,818,1408,689,564,915,940,153,514,4270,1742,1473,843,1538,699,583,1018,919,185,494,3964,1720
1/1/2005,5:00,1328,836,1428,693,584,927,942,160,515,4268,1745,1511,880,1598,709,619,1065,949,192,512,4046,1767
1/1/2005,6:00,1360,860,1467,703,609,955,966,170,531,4349,1773,1585,956,1706,726,676,1128,1007,206,549,4200,1883
1/1/2005,7:00,1393,884,1499,711,631,988,979,181,529,4384,1761,1644,1023,1796,741,724,1182,1068,223,591,4385,2011
1/1/2005,8:00,1401,906,1549,728,667,1051,1011,195,543,4474,1831,1706,1094,1892,754,782,1263,1144,241,643,4698,2197
1/1/2005,9:00,1455,960,1638,741,718,1121,1064,208,569,4636,1938,1764,1141,1958,762,815,1312,1199,254,677,4987,2338
1/1/2005,10:00,1508,1027,1716,754,762,1195,1116,218,589,4774,2050,1787,1161,1974,765,820,1324,1226,260,693,5178,2411
1/1/2005,11:00,1575,1108,1786,761,791,1257,1146,222,603,4953,2117,1778,1156,1958,762,808,1306,1229,260,693,5255,2428
1/1/2005,12:00,1609,1135,1807,761,801,1265,1154,217,611,5026,2150,1753,1136,1926,759,789,1272,1216,257,685,5255,2406
1/1/2005,13:00,1606,1135,1790,756,791,1254,1147,197,621,5036,2135,1733,1117,1896,755,770,1239,1202,253,673,5208,2366
1/1/2005,14:00,1604,1127,1776,751,774,1243,1137,208,601,5034,2117,1709,1100,1870,750,760,1208,1192,250,664,5162,2333
1/1/2005,15:00,1599,1113,1773,754,781,1251,1140,217,595,5056,2130,1698,1099,1871,751,763,1207,1196,251,668,5139,2334
1/1/2005,16:00,1671,1180,1873,779,844,1346,1226,235,653,5237,2327,1754,1158,1963,765,825,1291,1264,268,713,5268,2515
1/1/2005,17:00,1838,1261,2022,788,954,1456,1372,296,736,5634,2712,1897,1266,2112,781,911,1417,1377,297,790,5535,2827
1/1/2005,18:00,1851,1247,2022,781,961,1431,1383,294,749,5663,2749,1914,1272,2119,783,919,1432,1385,301,802,5613,2868
1/1/2005,19:00,1833,1232,1994,779,928,1392,1371,292,746,5625,2710,1872,1238,2069,779,901,1407,1363,293,781,5555,2815
1/1/2005,20:00,1809,1207,1978,775,890,1343,1349,282,735,5551,2664,1816,1182,1985,769,857,1338,1316,280,748,5377,2710
1/1/2005,21:00,1775,1177,1932,769,831,1271,1299,274,711,5443,2581,1746,1119,1887,750,787,1245,1250,266,707,5148,2555
1/1/2005,22:00,1699,1120,1833,755,779,1187,1220,248,678,5274,2422,1651,1038,1781,731,728,1161,1171,247,658,4934,2371
1/1/2005,23:00,1593,1030,1726,750,715,1094,1126,218,629,5026,2212,1546,950,1685,720,665,1086,1081,225,599,4654,2156
1/2/2005,0:00,1494,945,1644,746,682,1009,1042,192,582,4737,2011,1553,887,1639,716,658,1094,1000,223,554,4641,2002
1/2/2005,1:00,1426,885,1573,741,647,971,990,183,547,4490,1869,1500,847,1586,713,633,1056,952,209,519,4376,1864
1/2/2005,2:00,1393,863,1537,741,627,951,962,180,523,4325,1782,1463,821,1542,700,596,1031,927,200,497,4223,1785
1/2/2005,3:00,1375,853,1517,740,626,947,951,176,511,4193,1741,1445,809,1526,695,591,1027,915,197,487,4122,1748
1/2/2005,4:00,1375,868,1542,743,637,950,948,177,509,4146,1736,1445,810,1528,697,598,1031,918,196,485,4084,1739
1/2/2005,5:00,1393,870,1561,750,652,978,964,186,519,4182,1760,1467,833,1564,705,627,1064,939,201,499,4151,1775
1/2/2005,6:00,1433,911,1623,762,688,1031,999,199,541,4289,1834,1514,882,1636,717,671,1112,983,212,527,4280,1854
1/2/2005,7:00,1505,972,1680,775,739,1089,1029,214,551,4377,1869,1547,926,1696,727,705,1152,1018,222,551,4393,1914
1/2/2005,8:00,1557,1029,1742,788,791,1165,1086,234,576,4584,1995,1588,984,1785,739,762,1226,1086,238,591,4639,2058
1/2/2005,9:00,1621,1099,1851,801,840,1253,1151,247,607,4824,2132,1640,1036,1860,749,800,1281,1147,254,629,4913,2201
1/2/2005,10:00,1663,1143,1919,809,871,1285,1191,257,626,5031,2227,1668,1064,1894,753,808,1303,1188,262,651,5145,2308
1/2/2005,11:00,1683,1177,1969,811,891,1309,1230,264,641,5197,2289,1681,1082,1912,752,805,1302,1210,266,660,5296,2369
1/2/2005,12:00,1679,1185,1985,809,903,1359,1258,273,658,5329,2342,1684,1090,1916,749,794,1292,1212,267,663,5366,2386
1/2/2005,13:00,1666,1165,1968,806,913,1373,1274,280,668,5400,2373,1682,1088,1905,746,779,1268,1208,265,659,5392,2372
1/2/2005,14:00,1667,1145,1932,800,902,1382,1289,284,678,5442,2381,1675,1079,1891,742,766,1249,1204,263,653,5392,2360
1/2/2005,15:00,1694,1147,1923,804,896,1407,1310,290,693,5526,2424,1679,1087,1903,744,771,1256,1216,266,661,5418,2384
1/2/2005,16:00,1790,1225,2011,813,953,1507,1395,311,746,5742,2643,1749,1152,2003,760,837,1350,1295,287,712,5588,2581
1/2/2005,17:00,1930,1312,2150,817,1010,1591,1505,348,802,6021,2958,1893,1263,2161,773,928,1475,1414,318,791,5866,2890
1/2/2005,18:00,1927,1305,2137,810,1009,1565,1493,349,806,5967,2957,1924,1281,2183,775,941,1488,1425,327,810,5934,2917
1/2/2005,19:00,1908,1282,2094,796,998,1515,1455,343,795,5888,2888,1928,1281,2176,775,936,1482,1407,325,807,5915,2874
1/2/2005,20:00,1860,1242,2032,783,951,1440,1405,327,776,5791,2794,1894,1237,2107,763,894,1417,1348,312,774,5765,2763
1/2/2005,21:00,1797,1167,1928,761,865,1326,1321,299,734,5608,2627,1809,1149,1987,741,818,1309,1266,293,728,5539,2580
1/2/2005,22:00,1694,1069,1781,749,775,1203,1211,255,676,5319,2363,1719,1061,1866,723,745,1205,1179,268,665,5274,2367
1/2/2005,23:00,1587,961,1648,735,697,1084,1101,219,607,4928,2083,1623,976,1761,712,683,1117,1085,240,596,4908,2129
1/3/2005,0:00,1508,871,1570,725,647,997,1011,193,552,4551,1865,1459,888,1578,728,661,1049,977,215,574,4846,2016
1/3/2005,1:00,1471,840,1519,717,622,946,961,182,520,4331,1748,1400,840,1458,721,596,999,914,200,531,4635,1838
1/3/2005,2:00,1464,825,1494,707,604,928,940,176,501,4192,1684,1345,795,1379,697,561,952,855,185,495,4402,1676
1/3/2005,3:00,1460,825,1490,709,604,922,932,174,494,4130,1656,1309,773,1353,694,540,921,828,175,467,4247,1581
1/3/2005,4:00,1487,848,1516,713,614,945,943,175,500,4158,1670,1304,771,1353,696,540,924,815,173,461,4183,1543
1/3/2005,5:00,1573,926,1641,729,674,1046,1000,200,536,4436,1800,1310,781,1376,691,552,938,815,174,465,4198,1537
1/3/2005,6:00,1759,1125,1897,762,817,1246,1133,241,619,5015,2083,1335,819,1435,692,579,965,836,180,479,4336,1575
1/3/2005,7:00,1938,1242,2055,787,911,1375,1228,257,704,5639,2320,1386,854,1480,702,609,1005,865,185,493,4548,1614
1/3/2005,8:00,1987,1255,2075,787,916,1389,1253,248,719,5990,2416,1421,887,1543,711,653,1047,917,194,517,4739,1707
1/3/2005,9:00,2011,1248,2103,789,920,1394,1276,243,736,6270,2481,1492,954,1644,725,713,1108,991,207,553,4970,1845
1/3/2005,10:00,2046,1272,2145,790,932,1401,1293,247,741,6392,2537,1565,1023,1737,737,756,1175,1066,223,593,5207,2003
1/3/2005,11:00,2046,1266,2133,787,918,1403,1298,246,735,6445,2539,1606,1067,1790,747,780,1220,1110,233,622,5413,2128
1/3/2005,12:00,2039,1242,2106,783,903,1389,1279,238,728,6295,2522,1631,1089,1818,752,782,1240,1127,239,638,5549,2200
1/3/2005,13:00,2031,1253,2117,778,903,1376,1277,235,735,6391,2511,1639,1091,1822,756,766,1227,1138,240,641,5651,2248
1/3/2005,14:00,2029,1249,2115,803,875,1361,1290,240,739,6443,2524,1645,1086,1817,755,753,1218,1146,243,646,5721,2284
1/3/2005,15:00,2009,1259,2109,777,918,1391,1318,254,750,6532,2585,1664,1096,1840,761,757,1229,1168,250,665,5836,2338
1/3/2005,16:00,2085,1328,2191,789,1005,1512,1412,292,801,6754,2831,1761,1178,1962,784,830,1345,1258,271,722,6105,2563
1/3/2005,17:00,2195,1415,2300,800,1060,1620,1499,335,858,6940,3134,1941,1301,2113,799,923,1464,1390,303,809,6420,2907
1/3/2005,18:00,2201,1401,2280,799,1038,1602,1498,341,856,6733,3132,1944,1292,2118,793,915,1459,1373,303,808,6280,2911
1/3/2005,19:00,2160,1372,2233,790,1025,1556,1474,332,837,6537,3040,1938,1288,2097,782,906,1430,1347,293,779,6085,2839
1/3/2005,20:00,2106,1339,2172,779,981,1496,1432,316,797,6301,2910,1917,1264,2050,773,871,1387,1308,286,761,5969,2764
1/3/2005,21:00,2032,1259,2053,768,878,1384,1344,286,740,6012,2708,1864,1204,1972,764,812,1311,1252,276,733,5913,2650
1/3/2005,22:00,1908,1140,1880,750,779,1241,1220,235,665,5589,2401,1766,1098,1823,746,728,1193,1145,250,663,5630,2409
1/3/2005,23:00,1761,1011,1726,731,700,1115,1102,196,588,5108,2096,1637,985,1681,736,657,1079,1033,219,583,5174,2118
1/4/2005,0:00,1668,928,1645,724,660,1027,1021,175,525,4657,1864,1609,922,1655,724,626,1038,938,195,501,4391,1786
1/4/2005,1:00,1615,901,1594,718,633,991,977,168,490,4400,1745,1565,887,1605,719,602,1005,900,184,473,4133,1673
1/4/2005,2:00,1580,868,1550,715,609,970,961,155,478,4237,1681,1546,871,1572,715,589,997,881,180,463,3985,1614
1/4/2005,3:00,1561,868,1543,715,606,958,951,154,470,4183,1658,1537,865,1563,712,584,999,876,179,460,3931,1599
1/4/2005,4:00,1581,884,1581,724,620,982,959,162,475,4198,1681,1558,885,1590,717,603,1024,889,182,468,3956,1623
1/4/2005,5:00,1667,973,1708,739,686,1080,1016,185,512,4450,1802,1641,969,1721,734,676,1123,953,199,510,4231,1747
1/4/2005,6:00,1863,1174,1988,775,838,1281,1141,233,601,5062,2094,1814,1140,1972,766,817,1311,1090,235,605,4838,2029
1/4/2005,7:00,2048,1290,2143,796,925,1406,1246,256,697,5753,2390,1944,1227,2082,778,888,1397,1174,264,680,5482,2253
1/4/2005,8:00,2086,1301,2156,796,937,1407,1270,255,725,6120,2503,1972,1242,2098,773,902,1400,1213,274,706,5916,2381
1/4/2005,9:00,2103,1299,2173,795,947,1411,1295,257,744,6411,2565,1999,1248,2099,769,900,1395,1237,280,720,6202,2458
1/4/2005,10:00,2119,1299,2167,792,959,1403,1306,252,759,6542,2605,2018,1261,2108,767,888,1394,1257,283,728,6326,2510
1/4/2005,11:00,2119,1313,2184,791,946,1387,1304,243,759,6579,2601,2015,1260,2097,765,876,1385,1262,284,728,6379,2526
1/4/2005,12:00,2117,1312,2173,798,927,1393,1262,258,751,6577,2578,2000,1249,2072,760,861,1366,1252,281,722,6383,2515
1/4/2005,13:00,2115,1313,2175,798,916,1379,1289,241,740,6597,2574,2002,1249,2066,757,857,1351,1252,279,718,6394,2509
1/4/2005,14:00,2080,1302,2166,796,911,1373,1283,233,737,6586,2574,1985,1241,2050,754,846,1335,1249,277,712,6388,2513
1/4/2005,15:00,2033,1298,2160,800,912,1381,1291,230,743,6587,2604,1972,1242,2050,757,847,1340,1256,281,722,6419,2558
1/4/2005,16:00,2098,1341,2244,810,1003,1497,1382,267,777,6745,2778,2016,1297,2133,776,907,1423,1325,299,769,6592,2749
1/4/2005,17:00,2219,1438,2363,821,1066,1607,1502,321,856,6989,3123,2132,1397,2270,791,988,1545,1434,329,845,6791,3061
1/4/2005,18:00,2235,1430,2336,821,1050,1595,1505,332,867,6804,3156,2143,1388,2268,790,985,1548,1441,333,855,6579,3078
1/4/2005,19:00,2205,1395,2279,817,1020,1552,1485,329,843,6587,3077,2106,1351,2209,784,958,1515,1414,323,829,6324,2985
1/4/2005,20:00,2156,1352,2211,805,979,1491,1442,312,807,6302,2959,2051,1304,2132,774,909,1454,1357,307,788,6048,2841
1/4/2005,21:00,2084,1286,2107,791,899,1388,1354,282,751,6014,2759,1954,1219,2013,753,835,1342,1268,283,727,5733,2630
1/4/2005,22:00,1966,1171,1950,773,798,1260,1244,237,673,5604,2457,1819,1102,1858,732,744,1213,1152,251,646,5332,2339
1/4/2005,23:00,1816,1054,1811,760,728,1147,1133,198,595,5106,2138,1683,995,1719,719,660,1102,1044,220,565,4829,2047
1/5/2005,0:00,1710,972,1726,752,680,1067,1048,174,534,4675,1908,1687,952,1716,708,674,1071,943,194,527,4493,1863
1/5/2005,1:00,1652,926,1671,745,651,1031,1003,167,502,4422,1787,1638,919,1663,705,651,1035,901,183,497,4228,1749
1/5/2005,2:00,1636,910,1633,743,637,1010,987,163,486,4257,1724,1610,901,1628,699,629,1019,885,178,485,4079,1691
1/5/2005,3:00,1622,910,1639,744,639,1000,980,162,479,4198,1703,1598,897,1616,695,626,1016,880,176,479,4021,1674
1/5/2005,4:00,1646,917,1663,747,654,1025,994,171,486,4217,1724,1618,916,1643,700,646,1038,893,179,487,4043,1696
1/5/2005,5:00,1737,1010,1809,763,717,1111,1044,196,523,4462,1845,1704,998,1769,716,719,1132,952,195,529,4313,1816
1/5/2005,6:00,1931,1200,2082,806,866,1328,1163,241,615,5083,2145,1885,1167,2020,748,860,1325,1084,230,627,4938,2099
1/5/2005,7:00,2105,1313,2220,824,978,1470,1271,262,714,5767,2424,2033,1260,2137,762,928,1428,1167,259,705,5610,2330
1/5/2005,8:00,2136,1310,2244,816,984,1453,1311,266,745,6171,2551,2065,1276,2155,758,941,1439,1213,269,732,6055,2464
1/5/2005,9:00,2148,1320,2240,817,997,1460,1333,275,767,6473,2627,2088,1289,2169,756,938,1440,1241,276,752,6357,2551
1/5/2005,10:00,2177,1326,2248,813,999,1471,1369,284,784,6639,2706,2107,1305,2183,758,934,1443,1271,279,761,6493,2611
1/5/2005,11:00,2173,1343,2276,808,1004,1469,1387,288,790,6736,2740,2104,1307,2177,756,927,1436,1284,280,764,6561,2636
1/5/2005,12:00,2165,1342,2259,805,995,1464,1369,274,813,6758,2733,2091,1297,2161,753,912,1422,1282,279,762,6571,2632
1/5/2005,13:00,2189,1345,2259,800,985,1457,1376,286,785,6765,2738,2094,1298,2159,753,908,1412,1288,280,762,6590,2634
1/5/2005,14:00,2181,1340,2238,804,981,1453,1373,284,784,6773,2747,2075,1291,2150,749,899,1402,1292,278,758,6587,2643
1/5/2005,15:00,2160,1348,2235,809,989,1470,1388,284,796,6815,2803,2067,1296,2159,752,904,1413,1307,284,774,6631,2693
1/5/2005,16:00,2220,1387,2315,827,1046,1572,1463,310,838,7003,3017,2116,1350,2244,769,959,1500,1376,303,824,6800,2888
1/5/2005,17:00,2346,1488,2466,841,1142,1705,1570,362,893,7174,3276,2230,1446,2379,784,1040,1617,1478,330,899,6979,3180
1/5/2005,18:00,2350,1466,2424,845,1122,1681,1563,371,888,6962,3269,2239,1443,2379,785,1039,1609,1477,332,904,6755,3181
1/5/2005,19:00,2320,1432,2400,843,1101,1641,1529,359,861,6726,3180,2217,1412,2332,782,1018,1572,1455,323,880,6525,3105
1/5/2005,20:00,2261,1390,2331,835,1066,1565,1485,342,830,6485,3060,2164,1360,2254,773,971,1507,1401,307,837,6243,2957
1/5/2005,21:00,2180,1328,2207,819,982,1448,1403,322,768,6153,2852,2067,1275,2135,753,895,1396,1312,284,774,5929,2742
1/5/2005,22:00,2054,1224,2047,804,894,1315,1298,276,693,5769,2547,1928,1158,1981,732,809,1265,1193,254,692,5527,2454
1/5/2005,23:00,1904,1114,1911,790,818,1195,1170,235,617,5293,2255,1782,1051,1845,719,728,1147,1079,223,609,5031,2171
1/6/2005,0:00,1802,1017,1840,787,765,1120,1097,214,560,4874,2016,1721,975,1785,748,708,1127,1000,203,547,4615,1890
1/6/2005,1:00,1748,982,1795,775,751,1092,1061,209,530,4624,1908,1673,939,1729,745,683,1091,959,191,516,4347,1770
1/6/2005,2:00,1721,966,1761,773,738,1082,1043,207,516,4482,1852,1649,922,1694,736,659,1073,939,186,503,4198,1719
1/6/2005,3:00,1707,964,1745,770,738,1088,1036,202,512,4415,1834,1635,918,1686,732,657,1071,934,184,498,4139,1701
1/6/2005,4:00,1729,988,1773,779,754,1117,1033,205,521,4435,1868,1655,938,1713,738,676,1094,946,188,506,4162,1722
1/6/2005,5:00,1821,1063,1870,788,831,1196,1089,221,561,4683,1997,1743,1021,1843,753,749,1185,1002,203,550,4433,1842
1/6/2005,6:00,1983,1233,2108,822,953,1331,1175,245,640,5292,2285,1926,1191,2102,788,890,1377,1137,238,645,5050,2127
1/6/2005,7:00,2144,1332,2223,842,1008,1430,1247,271,723,5965,2567,2081,1285,2225,801,957,1479,1227,267,723,5721,2367
1/6/2005,8:00,2176,1346,2253,841,1032,1478,1311,280,787,6365,2703,2115,1302,2247,797,970,1492,1274,279,755,6178,2506
1/6/2005,9:00,2221,1345,2274,838,1043,1528,1369,298,831,6675,2795,2147,1313,2261,793,970,1496,1306,287,774,6491,2592
1/6/2005,10:00,2233,1359,2307,833,1081,1566,1421,309,856,6764,2852,2169,1327,2277,793,970,1498,1336,290,785,6642,2654
1/6/2005,11:00,2226,1365,2336,803,1096,1580,1447,314,857,6846,2863,2168,1326,2269,790,964,1492,1344,292,787,6715,2674
1/6/2005,12:00,2201,1360,2318,835,1088,1581,1442,310,850,6837,2846,2157,1313,2249,786,951,1475,1338,290,784,6727,2665
1/6/2005,13:00,2185,1353,2321,826,1074,1583,1442,311,848,6843,2826,2162,1312,2248,786,947,1466,1341,289,783,6749,2664
1/6/2005,14:00,2193,1333,2272,828,1029,1561,1427,307,822,6877,2834,2144,1304,2232,784,939,1455,1342,287,777,6752,2668
1/6/2005,15:00,2177,1337,2240,831,1013,1557,1423,305,828,6918,2883,2135,1307,2236,785,944,1465,1354,293,791,6799,2717
1/6/2005,16:00,2236,1400,2292,841,1066,1637,1487,323,861,7045,3051,2178,1358,2316,800,998,1550,1425,311,840,6963,2901
1/6/2005,17:00,2342,1491,2403,858,1104,1739,1574,367,897,7203,3242,2291,1460,2452,816,1074,1668,1530,339,916,7136,3205
1/6/2005,18:00,2332,1475,2371,851,1090,1706,1555,370,892,6943,3222,2305,1461,2456,813,1073,1657,1524,342,923,6915,3217
1/6/2005,19:00,2289,1450,2323,842,1070,1639,1513,363,861,6720,3145,2280,1430,2403,807,1047,1613,1493,331,893,6675,3138
1/6/2005,20:00,2234,1401,2248,822,1020,1547,1456,343,826,6444,3013,2224,1378,2318,795,999,1544,1438,315,851,6385,2990
1/6/2005,21:00,2152,1336,2136,793,931,1429,1367,315,769,6133,2821,2124,1293,2203,775,926,1438,1357,293,793,6071,2783
1/6/2005,22:00,2025,1242,2003,780,839,1289,1259,272,697,5736,2523,1987,1177,2051,755,838,1307,1243,264,713,5676,2499
1/6/2005,23:00,1882,1135,1870,763,771,1167,1153,230,620,5272,2215,1841,1068,1913,741,757,1191,1130,231,627,5189,2213
1/7/2005,0:00,1796,1067,1803,752,733,1085,1075,203,561,4814,1989,1756,970,1797,758,746,1146,998,214,555,4598,1874
1/7/2005,1:00,1752,1035,1763,747,726,1047,1032,193,528,4551,1877,1705,934,1739,753,716,1113,956,202,524,4338,1760
1/7/2005,2:00,1726,1012,1733,742,719,1032,1011,188,513,4403,1816,1672,918,1701,746,698,1097,939,198,513,4211,1708
1/7/2005,3:00,1713,992,1737,745,707,1036,1002,184,506,4344,1802,1658,913,1696,742,696,1096,934,196,508,4153,1694
1/7/2005,4:00,1726,1011,1767,752,717,1054,1012,187,512,4360,1828,1680,933,1724,747,714,1118,946,199,516,4174,1715
1/7/2005,5:00,1815,1091,1896,767,781,1152,1075,212,547,4618,1952,1763,1014,1852,765,785,1207,1004,215,557,4431,1829
1/7/2005,6:00,1992,1236,2113,802,928,1353,1204,265,631,5205,2238,1936,1175,2102,797,916,1382,1132,249,647,5017,2096
1/7/2005,7:00,2168,1343,2259,818,1024,1462,1282,288,720,5844,2486,2079,1264,2220,807,981,1478,1215,278,723,5670,2317
1/7/2005,8:00,2169,1310,2265,810,1041,1455,1293,281,744,6213,2582,2115,1282,2243,803,993,1485,1256,289,751,6107,2444
1/7/2005,9:00,2172,1309,2253,803,1027,1449,1315,280,762,6486,2642,2139,1292,2251,799,989,1482,1278,294,765,6399,2515
1/7/2005,10:00,2186,1316,2258,776,1037,1450,1338,279,774,6628,2673,2151,1299,2255,795,979,1478,1292,296,768,6511,2556
1/7/2005,11:00,2162,1304,2242,797,1018,1438,1358,270,772,6651,2662,2139,1293,2235,791,963,1462,1295,294,764,6545,2564
1/7/2005,12:00,2152,1305,2226,793,975,1404,1329,262,762,6633,2627,2117,1274,2206,785,939,1433,1280,291,756,6523,2539
1/7/2005,13:00,2143,1297,2206,789,953,1397,1319,259,762,6610,2602,2113,1267,2194,780,927,1414,1274,288,747,6498,2524
1/7/2005,14:00,2104,1303,2190,783,960,1386,1307,252,752,6571,2584,2090,1256,2168,775,914,1390,1273,284,738,6465,2516
1/7/2005,15:00,2069,1300,2171,792,964,1393,1307,257,761,6602,2619,2070,1249,2160,776,911,1389,1274,288,747,6469,2542
1/7/2005,16:00,2094,1315,2206,799,1041,1475,1371,296,801,6768,2798,2100,1289,2222,789,955,1456,1324,303,786,6595,2694
1/7/2005,17:00,2219,1412,2344,816,1128,1604,1496,352,869,6995,3102,2213,1382,2348,808,1031,1574,1433,334,867,6800,3008
1/7/2005,18:00,2224,1383,2317,818,1103,1584,1490,361,865,6773,3112,2226,1377,2346,810,1038,1581,1442,337,876,6589,3054
1/7/2005,19:00,2191,1353,2253,807,1063,1536,1469,353,838,6526,3035,2207,1349,2299,807,1017,1546,1422,326,847,6351,2988
1/7/2005,20:00,2143,1323,2195,799,1032,1481,1434,342,799,6251,2921,2163,1305,2222,798,975,1487,1384,312,811,6089,2872
1/7/2005,21:00,2049,1281,2113,786,962,1399,1377,312,754,5990,2770,2075,1231,2120,783,910,1401,1320,295,765,5825,2716
1/7/2005,22:00,1952,1210,2005,771,886,1297,1289,275,700,5696,2541,1956,1131,1990,769,838,1309,1231,271,704,5506,2491
1/7/2005,23:00,1801,1103,1867,759,808,1193,1203,235,636,5303,2300,1812,1026,1865,759,767,1207,1133,243,631,5107,2239
1/8/2005,0:00,1691,1003,1776,753,762,1116,1112,219,575,4887,2078,1690,945,1732,732,727,1133,1035,234,566,4797,1987
1/8/2005,1:00,1616,967,1724,741,731,1076,1056,205,537,4620,1943,1631,903,1666,725,695,1087,987,220,530,4523,1850
1/8/2005,2:00,1579,935,1678,740,704,1040,1027,198,514,4452,1859,1604,881,1626,719,677,1068,958,213,513,4330,1770
1/8/2005,3:00,1559,913,1659,736,697,1016,1009,194,504,4361,1820,1583,870,1608,713,668,1057,947,209,504,4241,1734
1/8/2005,4:00,1554,912,1660,739,699,1022,1006,195,505,4325,1813,1586,875,1613,716,674,1062,950,208,503,4212,1730
1/8/2005,5:00,1580,936,1702,747,714,1054,1023,205,520,4394,1854,1623,907,1662,722,705,1096,974,214,517,4295,1773
1/8/2005,6:00,1637,993,1780,758,762,1119,1066,214,549,4560,1955,1698,983,1770,736,761,1163,1032,230,554,4506,1895
1/8/2005,7:00,1737,1073,1871,778,828,1201,1124,237,588,4781,2086,1779,1056,1872,751,816,1241,1094,246,594,4759,2029
1/8/2005,8:00,1806,1158,1995,796,901,1297,1203,270,638,5095,2286,1843,1125,1969,764,875,1330,1174,268,647,5102,2224
1/8/2005,9:00,1850,1216,2074,801,968,1385,1289,300,686,5449,2485,1895,1170,2038,771,907,1382,1234,283,683,5417,2383
1/8/2005,10:00,1902,1237,2122,800,1007,1440,1350,317,723,5733,2644,1918,1185,2058,773,907,1395,1268,291,703,5631,2477
1/8/2005,11:00,1921,1239,2121,794,1034,1467,1376,329,738,5910,2703,1905,1178,2043,770,893,1383,1275,292,706,5732,2508
1/8/2005,12:00,1906,1232,2104,793,1016,1462,1362,322,740,5973,2729,1878,1156,2012,763,871,1357,1264,291,701,5742,2499
1/8/2005,13:00,1868,1208,2074,791,1007,1441,1346,314,733,5953,2699,1858,1139,1988,759,848,1326,1254,287,692,5717,2468
1/8/2005,14:00,1842,1194,2044,789,990,1423,1328,306,722,5898,2646,1835,1124,1966,755,833,1307,1244,283,682,5687,2446
1/8/2005,15:00,1839,1197,2034,789,959,1428,1330,308,719,5902,2620,1829,1126,1976,758,837,1313,1251,286,689,5688,2462
1/8/2005,16:00,1872,1241,2090,798,967,1497,1380,332,750,6026,2761,1883,1179,2055,772,892,1390,1313,302,729,5813,2616
1/8/2005,17:00,2043,1336,2210,812,1017,1603,1462,359,785,6169,2945,2029,1288,2201,787,982,1510,1424,333,804,6081,2915
1/8/2005,18:00,2050,1331,2185,808,1021,1581,1451,355,789,6114,2934,2053,1295,2205,783,988,1504,1423,339,818,6097,2936
1/8/2005,19:00,2015,1291,2134,803,1000,1511,1417,352,767,6005,2836,2034,1265,2148,774,958,1457,1387,327,790,5958,2856
1/8/2005,20:00,1967,1253,2082,789,966,1451,1372,341,742,5830,2747,1989,1219,2070,760,913,1393,1336,312,754,5760,2730
1/8/2005,21:00,1908,1208,1997,786,886,1372,1315,326,713,5669,2627,1919,1156,1986,745,857,1317,1283,298,720,5580,2583
1/8/2005,22:00,1822,1128,1899,776,829,1274,1241,297,675,5468,2468,1822,1072,1871,728,794,1232,1209,278,673,5355,2401
1/8/2005,23:00,1722,1042,1801,764,772,1173,1162,263,633,5205,2290,1703,983,1762,718,732,1148,1120,255,615,5057,2197
1/9/2005,0:00,1617,960,1726,749,729,1082,1087,233,579,4875,2101,1647,922,1702,726,713,1149,1031,242,570,4767,2027
1/9/2005,1:00,1547,917,1676,742,694,1034,1033,210,539,4597,1943,1593,883,1646,722,686,1107,983,226,535,4510,1887
1/9/2005,2:00,1514,884,1623,737,666,1007,1008,197,517,4413,1854,1562,860,1608,714,664,1087,957,218,515,4334,1809
1/9/2005,3:00,1490,879,1602,731,660,990,994,190,504,4308,1810,1543,850,1592,709,656,1079,946,213,504,4241,1770
1/9/2005,4:00,1493,876,1605,732,657,992,994,191,501,4262,1798,1544,850,1592,712,661,1082,949,212,502,4209,1762
1/9/2005,5:00,1514,904,1631,739,678,1015,1007,199,512,4303,1820,1567,873,1626,717,687,1109,966,218,514,4269,1791
1/9/2005,6:00,1556,944,1702,756,715,1076,1039,214,533,4420,1888,1619,926,1705,729,732,1158,1010,229,540,4413,1877
1/9/2005,7:00,1601,983,1755,772,767,1125,1071,229,548,4513,1932,1661,973,1772,741,771,1208,1045,238,562,4545,1943
1/9/2005,8:00,1672,1052,1842,781,837,1204,1126,265,577,4736,2066,1702,1028,1854,751,827,1284,1108,254,600,4785,2079
1/9/2005,9:00,1722,1116,1932,796,877,1270,1190,282,607,4990,2207,1745,1075,1921,759,862,1334,1165,269,636,5048,2212
1/9/2005,10:00,1744,1129,1952,795,885,1290,1224,286,625,5209,2312,1768,1095,1948,761,865,1350,1203,279,659,5253,2309
1/9/2005,11:00,1771,1155,1959,792,885,1298,1240,287,632,5357,2369,1776,1108,1960,759,857,1346,1222,283,669,5386,2368
1/9/2005,12:00,1771,1160,1967,793,874,1300,1243,283,635,5409,2382,1775,1114,1960,754,843,1334,1223,285,671,5437,2386
1/9/2005,13:00,1779,1164,1951,792,865,1290,1251,282,633,5428,2386,1773,1109,1950,751,825,1308,1221,284,669,5453,2380
1/9/2005,14:00,1777,1151,1945,781,858,1288,1253,281,632,5431,2390,1764,1100,1935,747,808,1290,1218,282,666,5449,2374
1/9/2005,15:00,1778,1164,1965,782,866,1308,1275,287,649,5517,2429,1769,1108,1950,749,815,1298,1232,287,676,5475,2407
1/9/2005,16:00,1847,1223,2056,795,926,1421,1349,316,699,5734,2624,1834,1168,2039,765,873,1381,1299,304,717,5624,2576
1/9/2005,17:00,1987,1339,2217,812,1030,1553,1460,362,769,6032,2909,1988,1287,2205,779,970,1511,1422,338,797,5936,2902
1/9/2005,18:00,2009,1322,2211,810,1022,1544,1458,371,776,6040,2923,2024,1307,2231,777,986,1521,1436,345,815,6005,2938
1/9/2005,19:00,1986,1297,2167,799,1013,1505,1430,365,762,5940,2853,2020,1294,2202,771,971,1492,1410,339,802,5949,2880
1/9/2005,20:00,1947,1257,2098,788,962,1436,1376,350,743,5834,2766,1991,1254,2134,758,930,1433,1359,328,774,5825,2787
1/9/2005,21:00,1891,1209,1992,778,879,1338,1303,319,709,5669,2606,1920,1178,2036,741,862,1341,1287,311,733,5661,2633
1/9/2005,22:00,1812,1120,1904,767,799,1220,1212,267,658,5400,2386,1829,1087,1906,722,785,1238,1196,285,671,5406,2417
1/9/2005,23:00,1705,1031,1806,756,744,1115,1117,215,596,5016,2128,1724,997,1789,712,719,1144,1099,254,600,5028,2164
1/10/2005,0:00,1635,944,1736,748,712,1044,1050,193,543,4663,1928,1611,901,1666,719,689,1069,955,217,528,4452,1835
1/10/2005,1:00,1594,920,1700,742,689,1013,1008,186,514,4452,1823,1580,871,1619,714,665,1038,916,205,501,4232,1722
1/10/2005,2:00,1582,906,1663,739,668,1005,983,186,499,4319,1772,1565,862,1593,708,652,1022,899,201,490,4102,1666
1/10/2005,3:00,1576,901,1659,736,670,1003,979,183,494,4268,1759,1561,862,1591,703,650,1021,896,198,484,4059,1652
1/10/2005,4:00,1604,925,1673,741,691,1029,993,188,501,4299,1788,1585,886,1623,708,670,1045,910,202,493,4097,1675
1/10/2005,5:00,1698,996,1769,763,753,1118,1062,215,537,4586,1917,1675,971,1751,723,738,1130,966,219,534,4367,1788
1/10/2005,6:00,1892,1178,2014,789,897,1326,1208,261,627,5178,2209,1855,1139,2009,758,872,1306,1087,254,620,4937,2056
1/10/2005,7:00,2069,1267,2155,815,986,1442,1294,288,720,5842,2462,2009,1234,2135,775,950,1412,1174,284,693,5591,2293
1/10/2005,8:00,2104,1275,2176,809,1013,1455,1326,284,753,6247,2563,2055,1260,2165,773,972,1435,1226,296,722,6034,2434
1/10/2005,9:00,2123,1268,2171,799,1033,1458,1346,281,779,6541,2634,2086,1272,2180,771,976,1441,1259,303,740,6338,2523
1/10/2005,10:00,2140,1275,2178,802,987,1461,1359,280,786,6665,2694,2108,1286,2190,770,973,1446,1287,307,750,6470,2585
1/10/2005,11:00,2146,1281,2168,801,981,1453,1355,275,784,6698,2679,2105,1284,2182,769,964,1444,1297,308,751,6530,2612
1/10/2005,12:00,2134,1291,2164,799,959,1436,1341,271,773,6698,2662,2094,1273,2165,766,945,1427,1293,307,748,6548,2614
1/10/2005,13:00,2128,1283,2168,795,965,1417,1319,262,766,6642,2620,2096,1272,2165,765,938,1417,1299,306,745,6567,2621
1/10/2005,14:00,2111,1281,2140,795,951,1403,1310,253,758,6622,2625,2079,1264,2148,762,929,1403,1304,304,743,6571,2635
1/10/2005,15:00,2094,1278,2113,799,961,1421,1314,256,760,6621,2632,2072,1265,2153,764,929,1413,1316,311,757,6618,2687
1/10/2005,16:00,2147,1321,2179,815,1012,1505,1384,285,797,6776,2779,2116,1314,2228,779,976,1489,1375,328,798,6774,2855
1/10/2005,17:00,2270,1434,2335,827,1108,1659,1512,348,875,7024,3120,2239,1421,2374,798,1058,1619,1490,361,879,6982,3179
1/10/2005,18:00,2276,1431,2334,825,1104,1660,1530,364,876,6844,3146,2254,1427,2386,798,1065,1629,1497,364,888,6762,3203
1/10/2005,19:00,2246,1399,2300,819,1078,1618,1507,356,853,6625,3064,2234,1409,2342,791,1045,1592,1475,353,860,6507,3115
1/10/2005,20:00,2194,1343,2225,806,1025,1541,1458,346,788,6411,2951,2185,1362,2262,779,998,1523,1425,338,823,6265,2984
1/10/2005,21:00,2108,1284,2113,796,947,1427,1376,308,693,6160,2756,2089,1272,2145,762,919,1416,1340,315,769,6000,2794
1/10/2005,22:00,1984,1176,1971,784,850,1284,1257,261,600,5779,2472,1949,1147,1982,743,827,1286,1219,281,686,5605,2498
1/10/2005,23:00,1851,1075,1837,775,790,1156,1137,219,516,5307,2190,1801,1033,1835,730,750,1163,1098,245,599,5077,2188
1/11/2005,0:00,1751,993,1747,768,747,1080,1057,196,461,4846,1973,1716,959,1750,749,720,1109,984,209,530,4562,1891
1/11/2005,1:00,1692,947,1687,765,717,1042,1019,187,420,4620,1871,1668,923,1697,745,694,1076,944,198,500,4296,1774
1/11/2005,2:00,1652,926,1655,763,704,1025,1005,184,428,4436,1832,1633,903,1659,738,675,1061,925,193,489,4146,1714
1/11/2005,3:00,1644,927,1656,767,703,1025,1001,181,529,4290,1803,1623,899,1652,736,673,1065,920,191,485,4089,1697
1/11/2005,4:00,1669,961,1711,753,728,1050,1011,188,516,4313,1838,1646,919,1680,742,691,1090,934,194,492,4113,1722
1/11/2005,5:00,1774,1037,1848,776,724,1137,1072,221,574,4568,1952,1733,1001,1812,758,764,1187,990,210,533,4380,1838
1/11/2005,6:00,1936,1181,2095,825,927,1344,1200,289,650,5168,2256,1916,1175,2072,794,904,1378,1125,247,627,5002,2121
1/11/2005,7:00,2102,1282,2209,846,995,1445,1286,305,736,5813,2498,2060,1266,2188,807,976,1471,1212,278,702,5679,2351
1/11/2005,8:00,2145,1295,2224,845,998,1431,1310,295,793,6236,2573,2091,1282,2202,800,990,1471,1253,288,728,6121,2474
1/11/2005,9:00,2174,1313,2256,833,1025,1426,1331,285,783,6522,2640,2113,1286,2201,796,986,1464,1276,293,742,6412,2547
1/11/2005,10:00,2202,1315,2262,823,1035,1440,1352,286,774,6658,2707,2128,1297,2207,792,977,1460,1300,296,750,6532,2597
1/11/2005,11:00,2186,1313,2247,817,1008,1447,1367,292,787,6738,2741,2124,1296,2195,787,966,1448,1306,296,750,6589,2613
1/11/2005,12:00,2177,1318,2239,794,963,1427,1361,288,786,6750,2744,2110,1286,2173,781,949,1426,1301,294,745,6594,2606
1/11/2005,13:00,2185,1325,2245,816,975,1434,1370,291,793,6786,2744,2115,1286,2171,778,945,1411,1305,294,743,6615,2610
1/11/2005,14:00,2171,1318,2225,818,953,1426,1367,290,790,6773,2747,2099,1280,2156,775,935,1393,1308,292,739,6624,2624
1/11/2005,15:00,2144,1322,2213,814,977,1438,1392,302,807,6846,2805,2091,1282,2159,779,936,1401,1322,297,753,6672,2681
1/11/2005,16:00,2191,1359,2286,826,1062,1536,1453,336,854,7045,2998,2129,1331,2229,796,984,1473,1383,314,794,6830,2847
1/11/2005,17:00,2295,1451,2414,849,1136,1673,1557,383,905,7153,3220,2248,1437,2379,814,1070,1609,1494,345,872,7025,3168
1/11/2005,18:00,2301,1437,2410,849,1124,1674,1552,389,899,6949,3208,2267,1439,2397,817,1077,1628,1496,349,883,6793,3185
1/11/2005,19:00,2255,1403,2358,844,1090,1629,1516,384,868,6718,3109,2246,1409,2355,812,1055,1599,1467,337,853,6523,3091
1/11/2005,20:00,2198,1356,2282,830,1036,1556,1464,361,833,6461,2990,2197,1360,2278,802,1010,1539,1413,322,814,6248,2953
1/11/2005,21:00,2114,1285,2165,817,955,1441,1370,327,771,6164,2800,2098,1276,2162,784,938,1435,1331,300,758,5962,2758
1/11/2005,22:00,1968,1167,1991,806,868,1295,1251,274,693,5781,2511,1954,1153,2004,764,850,1311,1210,267,675,5555,2459
1/11/2005,23:00,1826,1055,1871,791,803,1178,1140,231,623,5302,2227,1805,1039,1863,749,772,1195,1094,233,590,5037,2157
1/12/2005,0:00,1722,981,1784,781,768,1100,1058,201,570,4850,2008,1685,941,1739,737,724,1108,993,213,543,4550,1894
1/12/2005,1:00,1684,947,1744,774,746,1075,1020,187,540,4591,1900,1633,907,1682,732,699,1071,950,201,513,4283,1779
1/12/2005,2:00,1657,925,1708,765,725,1058,1005,186,524,4454,1841,1608,891,1642,725,674,1051,930,196,500,4148,1712
1/12/2005,3:00,1636,921,1695,772,707,1058,998,191,515,4384,1820,1594,886,1631,720,669,1048,925,193,494,4091,1694
1/12/2005,4:00,1657,947,1724,775,729,1078,1006,196,521,4402,1842,1613,906,1658,724,688,1069,938,196,501,4112,1714
1/12/2005,5:00,1747,1017,1841,787,800,1161,1059,219,576,4639,1950,1704,991,1790,740,761,1161,997,213,543,4381,1833
1/12/2005,6:00,1916,1166,2073,819,928,1331,1167,261,711,5175,2237,1888,1165,2053,773,901,1352,1130,249,636,4998,2113
1/12/2005,7:00,2090,1273,2221,832,1011,1446,1268,286,765,5908,2516,2036,1260,2168,788,970,1457,1218,279,713,5680,2349
1/12/2005,8:00,2116,1293,2249,831,1013,1481,1334,295,775,6326,2634,2068,1273,2176,784,980,1468,1262,290,739,6130,2477
1/12/2005,9:00,2126,1291,2248,832,1046,1506,1367,292,747,6592,2750,2087,1279,2183,782,976,1469,1290,297,756,6430,2550
1/12/2005,10:00,2141,1309,2263,824,1060,1533,1390,292,828,6701,2741,2101,1289,2188,783,973,1475,1313,300,764,6562,2601
1/12/2005,11:00,2141,1307,2248,825,1039,1541,1395,291,826,6774,2754,2097,1286,2176,782,966,1468,1320,301,768,6627,2619
1/12/2005,12:00,2143,1304,2239,799,1030,1528,1385,288,824,6778,2731,2080,1273,2157,781,949,1452,1313,299,764,6639,2611
1/12/2005,13:00,2139,1302,2238,829,1023,1513,1376,285,835,6797,2700,2080,1274,2155,779,945,1441,1317,299,762,6659,2609
1/12/2005,14:00,2104,1301,2205,820,1019,1491,1368,283,830,6793,2695,2057,1265,2143,776,937,1429,1315,298,758,6657,2614
1/12/2005,15:00,2074,1294,2180,818,1019,1493,1376,291,842,6829,2736,2047,1267,2150,778,939,1439,1326,302,771,6696,2660
1/12/2005,16:00,2117,1312,2229,824,1067,1577,1441,313,879,6953,2903,2080,1307,2215,793,980,1507,1382,317,809,6825,2811
1/12/2005,17:00,2209,1404,2328,822,1122,1680,1539,355,855,7163,3173,2195,1407,2355,808,1060,1628,1486,347,887,6999,3118
1/12/2005,18:00,2186,1398,2309,828,1111,1660,1533,366,900,6866,3144,2216,1412,2368,808,1066,1632,1491,351,896,6803,3149
1/12/2005,19:00,2154,1362,2272,823,1073,1595,1502,361,873,6628,3054,2210,1390,2327,804,1047,1595,1467,341,870,6561,3070
1/12/2005,20:00,2108,1309,2193,801,1021,1506,1461,344,851,6363,2909,2163,1342,2252,792,1002,1528,1414,325,829,6290,2937
1/12/2005,21:00,2021,1238,2090,781,925,1393,1371,314,801,6072,2712,2054,1252,2127,772,920,1414,1330,302,769,5974,2733
1/12/2005,22:00,1880,1122,1932,762,839,1256,1248,264,726,5693,2421,1907,1128,1966,750,829,1281,1212,270,688,5570,2445
1/12/2005,23:00,1750,1043,1828,753,769,1132,1132,220,649,5189,2140,1761,1013,1822,736,748,1160,1098,237,604,5062,2153
1/13/2005,0:00,1654,951,1743,746,720,1060,1047,200,579,4731,1940,1608,900,1675,745,692,1075,948,194,526,4483,1823
1/13/2005,1:00,1597,893,1664,737,677,1027,1006,197,539,4478,1840,1554,861,1610,738,664,1042,906,183,494,4214,1700
1/13/2005,2:00,1555,873,1624,726,657,1009,988,194,526,4327,1785,1536,848,1569,732,654,1029,880,179,483,4048,1639
1/13/2005,3:00,1525,867,1620,726,647,1004,982,189,520,4255,1760,1524,841,1556,727,647,1024,873,176,477,3991,1616
1/13/2005,4:00,1544,882,1637,732,658,1025,994,195,525,4265,1777,1544,861,1580,732,665,1046,885,179,485,4014,1633
1/13/2005,5:00,1636,951,1767,748,734,1111,1056,221,560,4532,1891,1635,947,1712,749,739,1138,947,196,529,4286,1746
1/13/2005,6:00,1810,1120,2013,775,887,1313,1202,269,651,5157,2180,1825,1124,1975,789,881,1327,1086,231,626,4910,2023
1/13/2005,7:00,1984,1220,2127,794,969,1426,1299,291,740,5818,2439,1973,1216,2103,802,954,1424,1177,262,707,5594,2267
1/13/2005,8:00,2003,1210,2108,783,965,1425,1325,291,771,6178,2519,2009,1234,2132,796,956,1426,1219,270,733,6061,2407
1/13/2005,9:00,2014,1220,2112,781,945,1422,1336,284,810,6426,2557,2026,1243,2148,790,947,1421,1246,276,745,6370,2489
1/13/2005,10:00,2022,1220,2119,773,958,1414,1349,269,783,6562,2585,2036,1255,2161,787,942,1417,1267,277,749,6491,2546
1/13/2005,11:00,2005,1224,2101,770,932,1401,1364,266,767,6657,2606,2028,1251,2154,782,928,1408,1269,277,750,6544,2565
1/13/2005,12:00,1973,1219,2086,761,929,1388,1347,260,773,6620,2585,2012,1240,2133,778,906,1386,1260,275,743,6544,2558
1/13/2005,13:00,1979,1222,2088,756,918,1385,1343,258,784,6616,2574,2014,1241,2138,775,895,1373,1262,272,737,6555,2558
1/13/2005,14:00,1957,1214,2066,748,911,1380,1326,256,778,6606,2576,1992,1235,2119,771,883,1356,1263,271,733,6553,2562
1/13/2005,15:00,1887,1201,2047,764,890,1385,1346,259,786,6630,2609,1979,1232,2118,772,878,1359,1270,275,744,6580,2601
1/13/2005,16:00,1869,1206,2101,773,947,1469,1407,282,819,6760,2743,2005,1265,2166,783,918,1417,1314,287,775,6690,2727
1/13/2005,17:00,2040,1323,2232,789,1037,1588,1517,328,875,6976,3018,2125,1361,2284,803,993,1537,1423,317,859,6863,3029
1/13/2005,18:00,2109,1333,2239,787,1020,1585,1517,342,869,6776,3035,2141,1364,2277,804,1006,1549,1437,322,872,6631,3059
1/13/2005,19:00,2093,1296,2191,779,988,1537,1488,336,845,6543,2945,2145,1351,2243,801,995,1527,1424,312,844,6398,2992
1/13/2005,20:00,2042,1252,2120,766,942,1459,1444,315,810,6292,2833,2103,1305,2161,789,950,1460,1373,299,807,6115,2861
1/13/2005,21:00,1978,1180,2003,756,853,1351,1356,280,754,5992,2642,1994,1215,2038,771,870,1353,1290,278,753,5803,2667
1/13/2005,22:00,1846,1080,1847,736,746,1213,1233,236,677,5588,2353,1845,1089,1874,751,780,1228,1172,248,670,5398,2380
1/13/2005,23:00,1737,971,1711,716,677,1080,1124,195,606,5120,2075,1694,971,1715,734,698,1105,1056,214,581,4888,2079
1/14/2005,0:00,1651,908,1649,709,641,993,1044,169,552,4690,1863,1631,911,1664,699,650,1040,947,194,525,4503,1816
1/14/2005,1:00,1625,889,1609,705,612,954,999,155,520,4425,1739,1580,873,1607,695,616,1005,905,182,495,4242,1702
1/14/2005,2:00,1615,879,1603,694,605,932,977,145,502,4270,1673,1564,858,1575,697,612,999,886,180,487,4092,1642
1/14/2005,3:00,1609,879,1606,699,626,924,961,141,492,4199,1653,1550,853,1565,692,607,993,880,177,480,4035,1625
1/14/2005,4:00,1630,904,1644,710,652,960,966,155,488,4208,1663,1570,870,1591,696,623,1012,890,180,486,4058,1646
1/14/2005,5:00,1705,975,1768,730,709,1051,1014,214,482,4438,1783,1655,950,1728,716,696,1108,951,195,530,4335,1770
1/14/2005,6:00,1880,1124,2028,764,844,1246,1141,209,620,5040,2076,1829,1113,1990,754,837,1296,1077,230,624,4942,2039
1/14/2005,7:00,2051,1240,2177,786,926,1386,1257,239,738,5702,2364,1975,1202,2113,766,911,1394,1161,259,703,5609,2273
1/14/2005,8:00,2106,1263,2200,781,942,1411,1296,247,757,6153,2483,2020,1231,2148,764,930,1409,1207,271,735,6055,2418
1/14/2005,9:00,2108,1271,2208,783,952,1430,1334,256,791,6481,2572,2061,1251,2170,762,934,1416,1240,278,757,6351,2510
1/14/2005,10:00,2117,1286,2223,783,963,1444,1366,269,803,6647,2650,2093,1271,2188,764,934,1424,1267,283,769,6497,2582
1/14/2005,11:00,2118,1285,2190,784,965,1445,1385,274,812,6756,2687,2101,1278,2184,762,927,1424,1281,285,775,6563,2610
1/14/2005,12:00,2126,1275,2157,782,945,1405,1386,281,814,6784,2705,2094,1269,2171,760,916,1406,1279,284,773,6573,2604
1/14/2005,13:00,2131,1270,2132,700,944,1381,1384,265,817,6768,2720,2103,1268,2169,759,912,1399,1281,283,768,6575,2599
1/14/2005,14:00,2100,1267,2148,785,943,1379,1377,254,809,6733,2721,2089,1262,2155,756,905,1382,1285,280,759,6553,2597
1/14/2005,15:00,2071,1266,2161,790,926,1406,1392,259,814,6755,2738,2075,1260,2151,757,908,1386,1291,282,767,6563,2625
1/14/2005,16:00,2053,1271,2206,800,995,1499,1439,283,835,6859,2870,2088,1281,2188,765,937,1427,1322,292,793,6633,2722
1/14/2005,17:00,2175,1364,2310,819,1045,1607,1525,333,868,6976,2942,2183,1361,2302,779,1005,1535,1411,318,865,6777,2997
1/14/2005,18:00,2217,1363,2305,822,1032,1578,1510,337,858,6736,2944,2199,1363,2302,783,1009,1546,1422,323,879,6616,3045
1/14/2005,19:00,2179,1332,2243,813,1016,1565,1481,326,838,6507,2934,2183,1346,2281,785,1000,1526,1408,315,856,6430,2990
1/14/2005,20:00,2154,1301,2195,804,988,1518,1446,316,812,6248,2840,2123,1292,2189,775,950,1449,1353,298,809,6131,2830
1/14/2005,21:00,2120,1249,2116,796,934,1445,1390,297,768,5971,2689,2020,1206,2061,750,874,1341,1268,276,749,5774,2625
1/14/2005,22:00,2013,1166,2010,782,868,1344,1303,264,713,5647,2477,1902,1107,1927,731,798,1231,1174,253,688,5425,2390
1/14/2005,23:00,1883,1103,1916,775,828,1227,1212,226,658,5287,2252,1764,1009,1802,718,717,1131,1078,227,617,5020,2149
1/15/2005,0:00,1765,1020,1849,763,785,1136,1129,206,604,4912,2059,1716,965,1778,709,729,1131,1023,220,575,4847,2020
1/15/2005,1:00,1707,985,1794,761,753,1095,1087,193,569,4669,1940,1662,925,1719,704,701,1090,977,207,541,4571,1887
1/15/2005,2:00,1673,965,1766,758,743,1069,1068,187,552,4514,1872,1630,904,1680,697,679,1075,957,200,525,4413,1817
1/15/2005,3:00,1655,954,1759,757,737,1069,1061,184,542,4436,1842,1612,895,1667,693,675,1073,949,197,517,4326,1785
1/15/2005,4:00,1648,958,1758,760,742,1071,1069,187,544,4416,1847,1617,903,1676,697,683,1082,956,198,517,4300,1787
1/15/2005,5:00,1687,990,1804,767,766,1118,1093,199,557,4470,1895,1652,937,1727,704,718,1125,986,204,533,4387,1835
1/15/2005,6:00,1744,1053,1892,781,824,1191,1144,224,584,4658,2015,1720,1013,1837,719,777,1202,1057,220,574,4625,1969
1/15/2005,7:00,1819,1121,1973,798,890,1276,1197,245,614,4842,2123,1790,1070,1936,734,831,1271,1111,235,614,4879,2095
1/15/2005,8:00,1875,1181,2073,807,945,1376,1266,266,659,5144,2297,1848,1137,2030,743,891,1351,1176,254,665,5203,2270
1/15/2005,9:00,1931,1218,2132,810,999,1447,1333,285,696,5453,2436,1908,1177,2093,750,918,1395,1220,268,699,5508,2406
1/15/2005,10:00,1961,1241,2156,807,1026,1482,1367,297,718,5682,2488,1932,1191,2107,752,915,1401,1244,273,716,5703,2475
1/15/2005,11:00,1950,1236,2138,804,993,1462,1351,288,721,5780,2522,1924,1180,2090,749,899,1382,1243,274,716,5785,2484
1/15/2005,12:00,1921,1209,2089,806,962,1415,1332,285,720,5789,2548,1902,1153,2055,743,876,1351,1224,272,709,5775,2452
1/15/2005,13:00,1900,1195,2047,809,926,1377,1321,276,716,5770,2508,1886,1130,2027,741,854,1318,1209,266,697,5736,2408
1/15/2005,14:00,1871,1177,2004,803,904,1353,1289,270,707,5729,2484,1866,1110,2003,735,837,1293,1196,263,687,5692,2374
1/15/2005,15:00,1851,1164,1989,802,903,1351,1287,270,703,5721,2493,1859,1106,2005,737,842,1297,1199,265,693,5680,2379
1/15/2005,16:00,1907,1212,2055,810,960,1423,1334,290,728,5823,2614,1898,1144,2066,749,885,1356,1246,277,724,5771,2497
1/15/2005,17:00,2051,1326,2226,831,1057,1561,1447,351,792,6129,2874,2043,1269,2225,766,984,1495,1375,310,809,6076,2851
1/15/2005,18:00,2091,1341,2257,827,1067,1555,1471,362,812,6186,2943,2083,1302,2254,765,1001,1517,1403,320,835,6130,2935
1/15/2005,19:00,2064,1312,2229,822,1042,1537,1444,351,795,6072,2861,2059,1279,2213,760,981,1495,1384,313,818,6024,2876
1/15/2005,20:00,2031,1293,2191,814,1015,1493,1423,356,771,5945,2803,2013,1235,2139,749,939,1435,1336,300,783,5827,2768
1/15/2005,21:00,1980,1232,2102,801,961,1429,1374,338,745,5772,2683,1950,1182,2059,734,891,1363,1288,286,748,5652,2647
1/15/2005,22:00,1913,1170,1999,798,905,1354,1298,298,714,5541,2502,1859,1100,1951,717,834,1282,1214,267,698,5420,2464
1/15/2005,23:00,1807,1099,1913,786,856,1261,1218,269,667,5280,2304,1747,1010,1848,707,772,1201,1129,245,640,5112,2244
1/16/2005,0:00,1702,1014,1841,779,810,1184,1148,245,615,4970,2120,1731,982,1794,734,754,1183,1044,247,600,4870,2086
1/16/2005,1:00,1644,975,1789,775,778,1140,1095,229,581,4717,1997,1679,947,1742,729,728,1140,997,234,567,4619,1950
1/16/2005,2:00,1614,955,1750,767,767,1116,1071,226,561,4539,1916,1649,926,1705,719,703,1117,974,226,548,4460,1869
1/16/2005,3:00,1600,935,1724,765,745,1110,1056,224,545,4447,1872,1632,916,1688,715,696,1109,963,223,539,4367,1831
1/16/2005,4:00,1593,928,1732,767,744,1112,1052,224,541,4400,1860,1632,917,1689,718,701,1111,966,222,538,4335,1822
1/16/2005,5:00,1605,944,1751,767,755,1137,1068,234,549,4423,1884,1648,934,1714,724,727,1135,979,228,552,4384,1851
1/16/2005,6:00,1638,978,1793,783,782,1181,1100,246,571,4518,1948,1691,979,1786,737,772,1188,1016,239,581,4515,1932
1/16/2005,7:00,1693,1033,1859,798,835,1232,1138,260,586,4612,2013,1734,1022,1855,749,812,1245,1052,248,601,4629,1995
1/16/2005,8:00,1735,1085,1943,811,903,1316,1208,285,619,4852,2154,1775,1077,1940,758,869,1326,1122,262,635,4859,2140
1/16/2005,9:00,1803,1147,2028,823,953,1386,1272,306,653,5134,2322,1817,1126,2008,766,905,1383,1188,276,668,5129,2292
1/16/2005,10:00,1839,1179,2080,819,987,1419,1319,309,686,5407,2443,1837,1146,2037,769,906,1405,1237,283,684,5355,2408
1/16/2005,11:00,1862,1187,2068,806,989,1446,1335,310,703,5606,2535,1842,1162,2051,767,900,1407,1264,286,692,5493,2481
1/16/2005,12:00,1867,1198,2091,813,957,1419,1321,303,702,5678,2560,1839,1167,2050,762,883,1400,1271,284,689,5549,2509
1/16/2005,13:00,1862,1190,2075,816,931,1392,1313,299,698,5699,2549,1834,1162,2039,759,866,1378,1272,280,681,5562,2506
1/16/2005,14:00,1851,1168,2046,809,905,1361,1307,293,693,5706,2548,1827,1154,2025,753,847,1364,1273,278,674,5553,2502
1/16/2005,15:00,1846,1182,2052,814,907,1354,1313,294,698,5718,2573,1833,1163,2041,756,854,1375,1289,280,680,5575,2535
1/16/2005,16:00,1903,1233,2132,816,966,1426,1368,312,728,5830,2719,1890,1217,2116,770,903,1445,1349,294,714,5691,2671
1/16/2005,17:00,2043,1338,2308,839,1071,1561,1494,355,793,6110,2966,2050,1342,2288,787,1008,1578,1470,334,809,6030,2985
1/16/2005,18:00,2078,1326,2309,835,1054,1556,1501,360,801,6122,2969,2097,1367,2322,788,1027,1587,1480,349,844,6147,3021
1/16/2005,19:00,2044,1293,2252,828,1027,1513,1475,352,789,6015,2890,2079,1337,2282,785,1007,1554,1449,347,840,6107,2960
1/16/2005,20:00,2001,1255,2187,822,984,1462,1435,339,770,5915,2800,2052,1300,2221,775,968,1501,1402,336,816,6005,2863
1/16/2005,21:00,1952,1195,2101,810,930,1383,1370,316,741,5763,2673,2000,1237,2133,761,909,1413,1332,322,781,5861,2696
1/16/2005,22:00,1878,1139,2015,797,862,1295,1293,290,697,5550,2489,1917,1153,2005,743,833,1304,1240,297,719,5619,2483
1/16/2005,23:00,1773,1056,1906,792,799,1204,1203,260,642,5245,2271,1810,1068,1888,734,769,1208,1141,267,646,5253,2247
1/17/2005,0:00,1699,997,1857,788,771,1130,1133,239,592,4907,2091,1741,981,1846,757,773,1150,1029,243,558,4743,1981
1/17/2005,1:00,1667,978,1830,786,757,1083,1095,227,561,4686,1993,1713,955,1805,753,752,1119,993,231,531,4528,1877
1/17/2005,2:00,1661,961,1808,785,745,1076,1077,232,545,4560,1942,1699,942,1784,746,736,1107,979,227,520,4398,1815
1/17/2005,3:00,1657,961,1805,784,756,1089,1073,233,541,4502,1926,1696,944,1785,741,736,1108,977,224,515,4350,1803
1/17/2005,4:00,1677,981,1839,789,780,1109,1080,243,543,4509,1942,1721,968,1818,746,755,1133,991,227,523,4385,1828
1/17/2005,5:00,1742,1045,1937,798,840,1175,1117,261,566,4682,2031,1806,1048,1936,762,822,1216,1039,245,561,4642,1940
1/17/2005,6:00,1871,1163,2104,821,932,1294,1212,284,611,5034,2206,1975,1205,2177,793,955,1394,1148,280,644,5197,2197
1/17/2005,7:00,1989,1237,2217,842,989,1387,1275,313,651,5401,2366,2131,1296,2303,812,1032,1505,1233,309,710,5825,2423
1/17/2005,8:00,2027,1270,2272,842,1054,1463,1327,334,696,5815,2538,2179,1325,2343,810,1063,1534,1292,324,743,6273,2575
1/17/2005,9:00,2080,1307,2306,839,1097,1520,1386,343,736,6153,2689,2213,1342,2362,810,1070,1547,1333,334,768,6603,2686
1/17/2005,10:00,2113,1323,2323,834,1106,1536,1414,340,768,6343,2782,2236,1359,2376,811,1069,1557,1366,341,784,6770,2765
1/17/2005,11:00,2127,1328,2314,829,1098,1566,1412,339,787,6462,2819,2233,1359,2366,812,1062,1555,1379,345,790,6848,2797
1/17/2005,12:00,2119,1324,2296,832,1067,1545,1405,334,786,6494,2821,2221,1350,2348,811,1044,1540,1381,344,789,6872,2802
1/17/2005,13:00,2113,1328,2284,828,1064,1513,1390,325,782,6458,2787,2224,1347,2345,810,1038,1533,1384,343,788,6890,2805
1/17/2005,14:00,2132,1330,2289,822,1043,1494,1391,319,780,6456,2770,2210,1341,2329,805,1029,1520,1389,341,785,6897,2816
1/17/2005,15:00,2170,1342,2306,834,1048,1515,1397,322,782,6489,2785,2205,1344,2334,809,1035,1533,1402,348,799,6946,2868
1/17/2005,16:00,2201,1377,2379,852,1100,1589,1451,351,816,6653,2938,2241,1385,2396,823,1073,1598,1453,363,835,7078,3007
1/17/2005,17:00,2328,1472,2522,867,1213,1757,1598,416,887,6969,3297,2365,1501,2558,842,1166,1739,1571,398,913,7280,3319
1/17/2005,18:00,2353,1478,2552,874,1208,1770,1628,437,895,6916,3345,2394,1520,2592,845,1176,1755,1585,403,926,7100,3345
1/17/2005,19:00,2336,1442,2509,876,1182,1731,1597,447,860,6739,3245,2356,1487,2535,839,1149,1707,1557,391,898,6861,3255
1/17/2005,20:00,2302,1395,2441,866,1150,1672,1552,456,807,6549,3129,2307,1444,2456,829,1107,1646,1512,376,864,6606,3115
1/17/2005,21:00,2283,1320,2315,849,1089,1565,1468,462,723,6288,2932,2225,1362,2351,810,1038,1543,1428,353,811,6336,2904
1/17/2005,22:00,2208,1211,2164,837,1003,1451,1359,428,641,5959,2663,2092,1243,2196,793,949,1408,1309,318,732,5944,2615
1/17/2005,23:00,2112,1124,2029,826,935,1370,1255,385,576,5520,2407,1941,1132,2063,783,875,1286,1192,282,648,5438,2334
1/18/2005,0:00,1990,1052,1961,824,889,1301,1185,363,524,5103,2226,1875,1039,1982,799,913,1282,1108,282,600,4998,2132
1/18/2005,1:00,1928,1026,1898,822,863,1276,1151,354,499,4873,2142,1836,1010,1932,796,889,1252,1076,271,575,4754,2033
1/18/2005,2:00,1906,1023,1891,825,854,1269,1135,352,490,4746,2101,1813,1000,1910,796,884,1260,1064,267,568,4614,1982
1/18/2005,3:00,1907,1030,1897,827,856,1269,1145,356,487,4705,2103,1806,1000,1911,795,888,1270,1063,267,568,4573,1978
1/18/2005,4:00,1933,1061,1943,834,878,1282,1169,363,495,4739,2137,1830,1026,1945,801,908,1302,1082,271,577,4606,2012
1/18/2005,5:00,2025,1139,2091,848,961,1380,1238,390,536,5005,2279,1917,1108,2078,818,986,1403,1140,290,618,4864,2134
1/18/2005,6:00,2107,1299,2355,885,1128,1590,1398,442,620,5588,2606,2087,1272,2335,853,1119,1595,1272,333,709,5481,2416
1/18/2005,7:00,2239,1381,2485,905,1194,1696,1473,463,700,6228,2832,2221,1351,2437,864,1175,1678,1347,364,774,6144,2620
1/18/2005,8:00,2254,1382,2496,905,1202,1701,1479,460,716,6622,2927,2241,1359,2434,854,1176,1668,1377,372,793,6567,2722
1/18/2005,9:00,2264,1389,2501,903,1216,1685,1490,455,740,6924,2998,2256,1357,2413,848,1160,1657,1388,377,804,6858,2780
1/18/2005,10:00,2280,1393,2516,894,1205,1681,1497,458,753,7072,3040,2261,1360,2397,841,1139,1651,1394,377,802,6973,2808
1/18/2005,11:00,2259,1399,2500,889,1197,1682,1500,456,747,7138,3040,2245,1351,2367,835,1115,1629,1387,376,800,6988,2798
1/18/2005,12:00,2231,1396,2463,886,1187,1658,1490,454,735,7163,3014,2219,1331,2327,830,1081,1591,1372,370,788,6957,2757
1/18/2005,13:00,2207,1379,2446,883,1164,1655,1481,449,731,7179,2995,2215,1323,2307,822,1066,1568,1359,365,777,6932,2727
1/18/2005,14:00,2159,1360,2414,876,1144,1639,1463,447,726,7162,2980,2193,1309,2276,817,1047,1537,1357,361,768,6902,2708
1/18/2005,15:00,2154,1373,2393,879,1139,1648,1480,452,734,7190,3007,2176,1305,2269,819,1041,1540,1358,365,777,6904,2735
1/18/2005,16:00,2193,1413,2463,889,1178,1726,1538,477,761,7296,3152,2202,1343,2322,831,1076,1603,1403,381,811,7014,2868
1/18/2005,17:00,2325,1520,2653,916,1290,1902,1681,535,839,7534,3501,2339,1474,2515,861,1187,1781,1558,429,913,7330,3302
1/18/2005,18:00,2366,1553,2685,921,1292,1925,1718,555,860,7472,3553,2396,1510,2584,878,1226,1834,1609,443,945,7225,3439
1/18/2005,19:00,2331,1532,2639,920,1241,1885,1691,549,845,7268,3467,2368,1479,2545,879,1207,1801,1595,433,921,6982,3368
1/18/2005,20:00,2280,1474,2578,911,1204,1835,1641,528,814,7008,3336,2327,1439,2479,876,1177,1754,1566,420,895,6763,3274
1/18/2005,21:00,2198,1386,2453,892,1151,1725,1562,504,759,6722,3139,2243,1365,2379,861,1113,1663,1494,400,852,6526,3118
1/18/2005,22:00,2105,1265,2300,874,1070,1564,1444,469,682,6341,2864,2104,1244,2230,843,1038,1550,1380,361,770,6144,2827
1/18/2005,23:00,1953,1157,2139,862,1000,1439,1341,428,607,5844,2583,1954,1128,2099,829,971,1434,1270,322,686,5617,2520
1/19/2005,0:00,1855,1091,2073,850,975,1369,1273,404,559,5384,2376,1813,1014,1940,809,879,1287,1140,283,600,4978,2186
1/19/2005,1:00,1797,1053,2027,847,943,1332,1237,395,533,5124,2282,1770,986,1889,805,854,1248,1101,270,573,4720,2076
1/19/2005,2:00,1761,1037,1972,842,928,1312,1224,387,522,4972,2233,1742,971,1857,798,831,1226,1086,264,560,4580,2021
1/19/2005,3:00,1743,1033,1971,841,919,1312,1223,386,514,4912,2217,1729,969,1848,792,827,1220,1084,261,556,4520,2006
1/19/2005,4:00,1765,1050,1984,841,933,1330,1235,390,518,4926,2237,1747,990,1873,796,844,1241,1097,265,564,4537,2030
1/19/2005,5:00,1846,1133,2103,860,1002,1420,1297,412,549,5163,2358,1833,1071,1993,811,915,1330,1149,282,600,4788,2145
1/19/2005,6:00,2031,1293,2342,893,1139,1630,1432,459,637,5719,2636,2001,1226,2232,842,1051,1520,1271,323,686,5369,2427
1/19/2005,7:00,2183,1384,2487,905,1218,1745,1510,480,720,6366,2852,2146,1315,2337,855,1116,1630,1350,354,751,6005,2654
1/19/2005,8:00,2206,1377,2502,868,1221,1748,1540,477,743,6709,2942,2175,1324,2350,851,1129,1646,1392,366,777,6448,2762
1/19/2005,9:00,2229,1382,2511,897,1224,1750,1550,477,757,7017,2992,2200,1332,2356,848,1125,1648,1413,373,792,6757,2818
1/19/2005,10:00,2243,1396,2528,895,1241,1746,1545,477,766,7148,3034,2215,1344,2360,845,1120,1654,1434,375,797,6896,2850
1/19/2005,11:00,2241,1393,2576,890,1236,1744,1551,476,760,7218,3047,2210,1341,2340,843,1112,1642,1433,375,796,6960,2849
1/19/2005,12:00,2239,1383,2500,892,1220,1720,1529,470,750,7203,3022,2196,1327,2320,843,1092,1617,1425,373,792,6958,2824
1/19/2005,13:00,2289,1385,2476,874,1225,1707,1515,469,755,7195,2995,2195,1325,2313,839,1084,1605,1428,373,791,6970,2816
1/19/2005,14:00,2276,1388,2449,867,1213,1675,1505,463,747,7165,2979,2174,1315,2298,836,1075,1592,1425,370,787,6964,2817
1/19/2005,15:00,2252,1381,2405,873,1184,1667,1507,458,757,7165,2999,2163,1317,2304,836,1079,1604,1438,377,800,6997,2864
1/19/2005,16:00,2287,1398,2461,882,1196,1737,1554,473,790,7282,3122,2180,1345,2351,847,1109,1658,1487,393,832,7098,2996
1/19/2005,17:00,2369,1501,2604,904,1283,1870,1669,521,848,7455,3383,2291,1448,2495,863,1196,1788,1596,429,910,7254,3340
1/19/2005,18:00,2397,1512,2615,901,1283,1879,1683,537,849,7317,3402,2332,1468,2529,867,1209,1795,1607,435,923,7085,3399
1/19/2005,19:00,2344,1464,2549,890,1267,1836,1665,532,823,7101,3329,2308,1441,2480,863,1185,1744,1570,420,892,6836,3297
1/19/2005,20:00,2261,1396,2471,877,1223,1748,1594,506,791,6829,3191,2270,1402,2416,853,1149,1688,1525,405,859,6580,3195
1/19/2005,21:00,2191,1316,2329,849,1163,1631,1513,473,737,6595,2982,2174,1316,2298,831,1070,1576,1447,380,805,6275,3018
1/19/2005,22:00,2048,1206,2173,835,1063,1481,1385,423,657,6185,2683,2036,1200,2142,813,979,1438,1332,344,729,5889,2729
1/19/2005,23:00,1921,1115,2027,824,962,1350,1262,379,581,5656,2403,1895,1097,2014,801,904,1318,1222,304,645,5407,2431
1/20/2005,0:00,1830,1067,1956,810,896,1274,1187,352,525,5215,2206,1804,1020,1936,800,877,1244,1088,279,575,4946,2068
1/20/2005,1:00,1765,1037,1890,805,866,1236,1142,340,489,4945,2105,1763,991,1884,796,848,1210,1050,265,547,4695,1958
1/20/2005,2:00,1750,1024,1856,803,854,1221,1136,324,488,4809,2052,1748,979,1858,796,843,1210,1032,260,535,4531,1898
1/20/2005,3:00,1739,1015,1847,800,854,1222,1137,311,495,4760,2039,1738,977,1852,791,838,1204,1028,258,531,4475,1880
1/20/2005,4:00,1765,1029,1879,802,862,1248,1146,341,486,4761,2065,1757,999,1877,796,853,1225,1039,261,539,4498,1901
1/20/2005,5:00,1858,1105,2022,810,955,1339,1217,368,522,5017,2206,1841,1077,1997,811,923,1312,1090,279,576,4751,2010
1/20/2005,6:00,2037,1260,2285,852,1094,1540,1361,419,607,5575,2501,2008,1229,2235,843,1059,1496,1209,320,658,5326,2282
1/20/2005,7:00,2194,1361,2411,873,1151,1640,1427,438,678,6166,2687,2149,1314,2343,855,1125,1593,1293,351,723,5971,2512
1/20/2005,8:00,2230,1361,2383,868,1153,1620,1450,429,689,6514,2747,2181,1328,2363,851,1140,1604,1334,363,748,6414,2637
1/20/2005,9:00,2265,1385,2409,861,1158,1606,1447,419,706,6807,2799,2207,1337,2372,845,1141,1607,1359,370,762,6715,2707
1/20/2005,10:00,2272,1387,2414,861,1140,1605,1447,353,764,6924,2838,2220,1348,2382,842,1141,1612,1381,372,767,6845,2754
1/20/2005,11:00,2235,1370,2397,857,1139,1575,1444,309,798,6969,2824,2212,1345,2361,838,1134,1601,1378,373,769,6888,2762
1/20/2005,12:00,2200,1354,2377,853,1106,1539,1424,295,805,6933,2795,2196,1330,2339,835,1117,1576,1370,369,761,6873,2745
1/20/2005,13:00,2209,1363,2366,855,1092,1524,1413,283,805,6932,2771,2197,1325,2333,831,1109,1563,1369,368,758,6871,2739
1/20/2005,14:00,2192,1366,2357,848,1087,1514,1405,284,802,6915,2764,2176,1315,2313,827,1099,1548,1368,365,753,6862,2742
1/20/2005,15:00,2174,1354,2352,852,1074,1532,1419,295,807,6957,2818,2163,1315,2312,827,1105,1554,1377,370,765,6892,2789
1/20/2005,16:00,2204,1377,2411,863,1114,1611,1455,315,837,7081,2966,2179,1342,2355,838,1136,1602,1416,383,789,6986,2900
1/20/2005,17:00,2325,1476,2563,894,1207,1782,1595,367,908,7328,3288,2296,1451,2501,856,1222,1735,1529,421,868,7160,3222
1/20/2005,18:00,2340,1502,2581,903,1220,1814,1635,394,927,7227,3357,2342,1477,2542,863,1235,1756,1546,429,884,6985,3276
1/20/2005,19:00,2329,1469,2566,900,1203,1780,1622,406,900,7043,3283,2320,1451,2503,861,1209,1718,1520,414,853,6730,3190
1/20/2005,20:00,2292,1424,2509,896,1172,1711,1581,408,852,6778,3175,2277,1411,2439,852,1170,1664,1485,401,826,6490,3088
1/20/2005,21:00,2238,1335,2373,877,1121,1607,1501,390,794,6511,2994,2185,1329,2324,833,1102,1557,1409,379,780,6209,2905
1/20/2005,22:00,2104,1221,2219,862,1045,1479,1378,366,717,6154,2713,2052,1218,2173,815,1013,1424,1295,343,706,5837,2628
1/20/2005,23:00,1959,1124,2073,852,967,1367,1273,351,618,5683,2428,1910,1116,2044,803,937,1307,1183,303,625,5360,2344
1/21/2005,0:00,1857,1074,2030,845,933,1307,1207,357,527,5246,2236,1927,1047,2037,814,1008,1340,1128,297,591,5033,2143
1/21/2005,1:00,1817,1050,1991,845,915,1274,1177,363,491,4994,2146,1887,1015,1984,812,981,1311,1092,285,566,4790,2041
1/21/2005,2:00,1808,1045,1995,841,919,1267,1164,363,479,4897,2110,1878,1006,1964,817,989,1318,1081,283,561,4652,1993
1/21/2005,3:00,1787,1038,2001,842,921,1278,1162,368,474,4851,2103,1874,1007,1969,816,992,1327,1081,281,558,4607,1988
1/21/2005,4:00,1802,1064,2021,846,939,1310,1185,376,480,4873,2141,1902,1034,2007,822,1014,1357,1097,286,567,4636,2018
1/21/2005,5:00,1884,1154,2176,857,1031,1390,1255,400,517,5125,2274,1991,1118,2144,842,1090,1454,1153,306,607,4889,2137
1/21/2005,6:00,2068,1286,2408,899,1146,1592,1397,454,610,5670,2585,2160,1281,2402,877,1216,1637,1279,349,693,5491,2409
1/21/2005,7:00,2190,1362,2515,924,1209,1698,1477,474,696,6287,2807,2267,1352,2504,885,1267,1725,1355,383,760,6147,2620
1/21/2005,8:00,2215,1350,2508,923,1215,1706,1495,470,719,6675,2899,2287,1368,2492,873,1265,1714,1388,394,782,6566,2731
1/21/2005,9:00,2216,1367,2545,919,1228,1706,1505,467,733,6965,2963,2293,1361,2462,864,1239,1697,1402,399,790,6860,2794
1/21/2005,10:00,2227,1376,2522,915,1239,1697,1511,470,729,7119,2996,2274,1353,2425,853,1212,1680,1405,396,786,6959,2818
1/21/2005,11:00,2205,1371,2526,912,1228,1684,1506,462,725,7166,2991,2236,1329,2377,841,1173,1639,1396,392,777,6958,2799
1/21/2005,12:00,2182,1351,2500,902,1202,1641,1481,452,715,7138,2955,2188,1292,2313,829,1127,1589,1373,384,763,6898,2748
1/21/2005,13:00,2187,1349,2469,905,1195,1620,1469,380,771,7121,2928,2157,1270,2276,819,1098,1555,1359,377,748,6843,2711
1/21/2005,14:00,2139,1331,2425,887,1168,1598,1456,332,805,7082,2905,2105,1245,2224,811,1073,1513,1352,370,734,6776,2680
1/21/2005,15:00,2089,1320,2396,891,1161,1606,1454,336,813,7072,2919,2060,1223,2194,810,1060,1508,1344,373,740,6743,2687
1/21/2005,16:00,2108,1333,2425,904,1174,1665,1502,396,801,7172,3035,2056,1244,2220,815,1087,1551,1373,386,765,6805,2784
1/21/2005,17:00,2222,1422,2571,928,1246,1810,1622,507,811,7383,3336,2203,1377,2407,847,1197,1716,1514,435,861,7100,3180
1/21/2005,18:00,2280,1455,2612,930,1268,1828,1652,529,827,7278,3407,2293,1425,2488,867,1248,1762,1558,449,890,6985,3314
1/21/2005,19:00,2269,1431,2587,934,1251,1790,1635,523,804,7084,3328,2280,1394,2442,865,1227,1714,1528,433,860,6699,3219
1/21/2005,20:00,2239,1397,2529,926,1234,1731,1605,502,778,6811,3235,2244,1357,2376,863,1202,1671,1505,420,834,6470,3131
1/21/2005,21:00,2216,1345,2446,905,1191,1664,1555,490,738,6582,3102,2177,1309,2305,856,1156,1609,1457,405,803,6263,3013
1/21/2005,22:00,2122,1253,2332,890,1132,1560,1466,469,680,6278,2884,2065,1210,2193,843,1101,1529,1372,375,743,5946,2788
1/21/2005,23:00,1995,1163,2194,870,1052,1459,1381,442,622,5917,2660,1929,1095,2086,829,1039,1427,1276,338,670,5533,2532
1/22/2005,0:00,1890,1091,2133,870,1024,1385,1306,416,566,5517,2476,1806,1040,2024,828,945,1380,1159,310,611,5175,2266
1/22/2005,1:00,1823,1042,2081,871,989,1350,1261,408,538,5240,2351,1753,1007,1969,823,916,1338,1114,293,579,4911,2136
1/22/2005,2:00,1803,1025,2032,866,966,1343,1238,403,525,5066,2263,1714,984,1929,814,893,1312,1090,284,560,4752,2050
1/22/2005,3:00,1783,1011,2011,853,958,1329,1225,401,517,4965,2234,1696,975,1915,807,886,1303,1081,279,552,4661,2015
1/22/2005,4:00,1778,1020,2016,861,964,1346,1231,404,516,4937,2234,1698,981,1918,809,892,1306,1086,279,550,4625,2009
1/22/2005,5:00,1805,1055,2056,866,994,1373,1265,411,529,5012,2278,1728,1006,1954,816,922,1342,1105,284,561,4691,2049
1/22/2005,6:00,1871,1118,2135,880,1045,1439,1327,423,556,5195,2391,1784,1065,2048,827,981,1424,1154,301,595,4886,2170
1/22/2005,7:00,1957,1190,2223,894,1110,1544,1389,447,588,5406,2519,1855,1127,2147,841,1033,1503,1207,317,626,5109,2295
1/22/2005,8:00,2038,1253,2334,907,1168,1639,1470,471,632,5751,2715,1914,1189,2242,853,1094,1585,1282,342,676,5429,2485
1/22/2005,9:00,2099,1298,2387,913,1203,1689,1513,488,669,6076,2844,1971,1236,2304,857,1122,1631,1343,361,713,5749,2658
1/22/2005,10:00,2135,1329,2427,917,1213,1689,1524,494,687,6315,2897,1995,1250,2317,858,1123,1644,1380,372,735,5982,2775
1/22/2005,11:00,2149,1344,2440,913,1216,1683,1532,497,695,6475,2935,1988,1247,2294,854,1109,1627,1389,375,743,6093,2824
1/22/2005,12:00,2129,1335,2428,912,1193,1679,1540,502,704,6525,2950,1966,1226,2258,847,1085,1591,1385,374,739,6102,2825
1/22/2005,13:00,2104,1323,2419,904,1190,1681,1545,507,700,6512,2950,1949,1209,2231,843,1061,1556,1374,371,732,6072,2800
1/22/2005,14:00,2089,1298,2399,897,1176,1678,1547,507,700,6492,2944,1933,1195,2210,837,1046,1534,1367,366,723,6042,2777
1/22/2005,15:00,2070,1291,2364,899,1172,1690,1546,509,698,6481,2935,1927,1199,2218,837,1051,1540,1374,370,731,6036,2793
1/22/2005,16:00,2091,1310,2402,909,1195,1752,1564,519,716,6508,3006,1957,1232,2269,848,1087,1593,1416,383,755,6104,2888
1/22/2005,17:00,2221,1418,2531,926,1274,1859,1660,554,768,6729,3228,2089,1340,2416,861,1180,1724,1528,418,825,6352,3171
1/22/2005,18:00,2262,1431,2533,925,1269,1847,1670,560,780,6717,3228,2147,1371,2450,861,1194,1732,1546,428,847,6446,3220
1/22/2005,19:00,2229,1382,2464,913,1233,1774,1624,544,754,6592,3103,2116,1328,2371,850,1152,1671,1506,414,819,6324,3128
1/22/2005,20:00,2176,1325,2383,900,1186,1686,1553,515,722,6419,2967,2082,1289,2304,839,1115,1617,1463,398,788,6164,3015
1/22/2005,21:00,2102,1254,2268,880,1127,1591,1482,481,683,6229,2807,2023,1234,2235,824,1070,1553,1412,382,755,5981,2862
1/22/2005,22:00,2012,1172,2155,866,1052,1491,1395,448,639,6012,2620,1936,1157,2118,809,1008,1464,1341,360,713,5762,2680
1/22/2005,23:00,1907,1086,2054,850,987,1392,1301,413,590,5718,2423,1825,1080,2016,801,951,1381,1257,333,656,5484,2497
1/23/2005,0:00,1821,1019,1982,852,938,1317,1229,383,542,5380,2237,1775,980,1908,803,935,1247,1084,314,589,4983,2201
1/23/2005,1:00,1769,982,1920,841,904,1276,1182,370,513,5106,2115,1731,948,1854,796,903,1211,1043,296,557,4756,2076
1/23/2005,2:00,1734,968,1898,832,879,1257,1153,365,493,4927,2054,1699,925,1811,783,884,1189,1011,284,535,4585,1985
1/23/2005,3:00,1724,959,1874,830,861,1250,1140,363,485,4834,2022,1682,918,1798,776,877,1172,999,279,524,4484,1944
1/23/2005,4:00,1724,960,1869,828,866,1249,1140,365,486,4802,2027,1680,920,1793,774,880,1166,996,275,517,4436,1925
1/23/2005,5:00,1756,973,1894,831,885,1270,1152,372,494,4845,2067,1693,936,1804,776,899,1178,997,280,525,4439,1941
1/23/2005,6:00,1795,1009,1951,851,913,1307,1181,384,510,4940,2133,1720,966,1857,782,935,1218,993,288,540,4466,1990
1/23/2005,7:00,1823,1049,2005,858,948,1355,1214,399,525,5027,2183,1749,1009,1929,801,967,1282,1027,295,553,4549,2052
1/23/2005,8:00,1876,1103,2083,875,1009,1431,1279,423,552,5239,2330,1794,1069,2027,821,1027,1376,1119,317,594,4794,2221
1/23/2005,9:00,1920,1148,2169,884,1061,1499,1338,452,591,5517,2497,1853,1121,2112,840,1075,1459,1219,345,647,5115,2422
1/23/2005,10:00,1950,1183,2198,884,1090,1535,1373,463,615,5771,2607,1880,1151,2163,850,1096,1517,1292,363,682,5445,2596
1/23/2005,11:00,1962,1205,2238,883,1087,1554,1389,472,623,5901,2621,1894,1167,2190,859,1105,1550,1344,382,717,5660,2718
1/23/2005,12:00,1951,1212,2237,883,1077,1554,1390,468,627,5943,2639,1895,1171,2201,864,1094,1557,1383,385,724,5802,2784
1/23/2005,13:00,1942,1209,2216,869,1057,1536,1387,461,625,5953,2665,1876,1160,2191,860,1079,1555,1385,388,729,5846,2790
1/23/2005,14:00,1933,1197,2221,860,1048,1517,1380,455,620,5940,2672,1861,1146,2176,859,1068,1546,1407,389,730,5899,2795
1/23/2005,15:00,1936,1191,2217,866,1045,1530,1389,460,624,5979,2694,1856,1152,2198,864,1075,1560,1429,393,738,5951,2830
1/23/2005,16:00,1984,1227,2283,878,1084,1600,1447,482,655,6108,2836,1898,1200,2270,879,1112,1623,1480,407,764,6041,2940
1/23/2005,17:00,2121,1327,2473,906,1201,1763,1603,539,744,6512,3222,2051,1335,2441,894,1207,1754,1590,442,831,6306,3210
1/23/2005,18:00,2199,1356,2512,909,1221,1796,1641,557,774,6664,3305,2140,1384,2498,892,1230,1770,1601,451,848,6490,3239
1/23/2005,19:00,2171,1364,2477,906,1201,1741,1605,544,768,6595,3218,2145,1378,2477,885,1215,1737,1584,447,839,6548,3204
1/23/2005,20:00,2144,1315,2420,898,1161,1682,1564,526,748,6488,3111,2131,1357,2438,879,1190,1694,1552,435,817,6494,3110
1/23/2005,21:00,2085,1249,2308,883,1100,1577,1488,495,704,6300,2933,2067,1287,2336,861,1119,1595,1460,413,777,6308,2905
1/23/2005,22:00,2005,1158,2181,865,1028,1470,1386,452,649,6015,2704,1991,1206,2219,846,1046,1482,1366,385,724,6081,2697
1/23/2005,23:00,1908,1071,2075,851,985,1368,1291,405,605,5650,2472,1898,1114,2117,839,997,1382,1265,350,657,5759,2490
1/24/2005,0:00,1853,1021,2024,850,945,1314,1227,397,544,5303,2311,1760,987,1902,827,914,1268,1091,294,587,4926,2073
1/24/2005,1:00,1830,996,1997,848,910,1283,1198,392,520,5095,2230,1733,964,1860,823,892,1236,1056,282,562,4715,1970
1/24/2005,2:00,1814,992,1967,850,914,1276,1191,389,513,4981,2197,1716,952,1837,815,880,1222,1039,276,550,4595,1910
1/24/2005,3:00,1809,993,1969,849,916,1285,1194,392,513,4942,2184,1712,955,1839,810,880,1223,1040,274,547,4550,1903
1/24/2005,4:00,1831,1017,2003,852,937,1317,1209,400,518,4973,2212,1736,979,1869,815,898,1249,1055,279,555,4587,1930
1/24/2005,5:00,1915,1103,2127,859,1006,1420,1267,419,554,5219,2323,1825,1059,1989,831,964,1333,1104,297,591,4832,2042
1/24/2005,6:00,2083,1269,2385,907,1147,1630,1389,464,628,5708,2540,1992,1209,2233,863,1094,1509,1212,337,669,5355,2301
1/24/2005,7:00,2219,1353,2495,925,1229,1735,1475,490,701,6203,2721,2145,1301,2352,882,1168,1620,1295,368,733,5970,2527
1/24/2005,8:00,2235,1355,2504,919,1232,1731,1527,487,719,6574,2853,2191,1324,2381,879,1192,1643,1349,383,762,6421,2671
1/24/2005,9:00,2243,1373,2491,913,1237,1713,1533,477,735,6920,2939,2221,1338,2389,873,1192,1650,1381,393,783,6763,2772
1/24/2005,10:00,2272,1388,2481,907,1231,1698,1531,474,739,7111,2995,2240,1349,2391,869,1186,1654,1404,398,793,6953,2841
1/24/2005,11:00,2278,1392,2468,901,1215,1643,1523,470,744,7176,2997,2235,1348,2372,865,1171,1644,1410,400,797,7038,2864
1/24/2005,12:00,2278,1378,2424,890,1208,1621,1511,462,742,7187,2977,2221,1337,2348,862,1145,1617,1406,399,794,7077,2858
1/24/2005,13:00,2253,1378,2424,883,1203,1607,1493,450,741,7157,2939,2220,1334,2341,858,1130,1600,1405,397,792,7096,2853
1/24/2005,14:00,2227,1367,2420,870,1183,1594,1482,452,736,7122,2917,2200,1327,2320,855,1119,1581,1408,395,787,7108,2854
1/24/2005,15:00,2220,1361,2408,879,1164,1604,1487,455,739,7154,2932,2192,1329,2322,856,1119,1592,1417,402,802,7147,2895
1/24/2005,16:00,2238,1381,2452,892,1194,1658,1528,473,766,7286,3062,2217,1362,2373,867,1153,1652,1460,419,834,7249,3018
1/24/2005,17:00,2338,1477,2585,904,1294,1806,1654,522,830,7518,3389,2332,1470,2530,889,1245,1798,1586,459,916,7457,3368
1/24/2005,18:00,2377,1497,2617,906,1293,1808,1677,535,843,7399,3435,2381,1501,2581,893,1271,1831,1619,470,936,7351,3457
1/24/2005,19:00,2337,1468,2561,892,1277,1759,1648,532,828,7225,3339,2366,1479,2546,891,1253,1794,1606,456,910,7169,3396
1/24/2005,20:00,2284,1415,2474,874,1226,1689,1603,512,793,6983,3225,2329,1442,2480,880,1216,1737,1573,441,879,6944,3286
1/24/2005,21:00,2201,1324,2350,851,1158,1582,1516,483,739,6674,2996,2236,1354,2365,860,1145,1634,1493,418,832,6678,3099
1/24/2005,22:00,2094,1197,2173,823,1055,1448,1393,436,665,6268,2703,2101,1235,2204,842,1056,1504,1376,378,754,6299,2814
1/24/2005,23:00,1958,1086,2031,811,970,1330,1284,395,592,5770,2433,1952,1127,2067,828,983,1380,1260,335,666,5799,2519
1/25/2005,0:00,1848,1019,1960,806,906,1255,1211,376,541,5319,2246,1858,1030,1957,819,932,1295,1113,290,588,4963,2081
1/25/2005,1:00,1789,984,1916,805,885,1223,1171,362,519,5061,2154,1814,1000,1906,815,904,1258,1080,276,561,4715,1972
1/25/2005,2:00,1737,976,1857,806,877,1203,1155,360,508,4902,2106,1795,990,1880,814,898,1255,1062,273,552,4564,1927
1/25/2005,3:00,1720,971,1865,807,863,1198,1150,363,503,4849,2095,1786,989,1877,812,896,1256,1059,271,549,4518,1913
1/25/2005,4:00,1744,994,1912,813,886,1218,1162,369,510,4875,2121,1807,1013,1905,816,915,1282,1074,274,556,4548,1939
1/25/2005,5:00,1823,1070,2030,827,953,1306,1226,393,544,5118,2238,1895,1094,2030,833,985,1373,1128,292,592,4802,2048
1/25/2005,6:00,1989,1220,2264,860,1105,1499,1363,443,621,5657,2505,2070,1256,2278,867,1117,1557,1249,334,676,5394,2321
1/25/2005,7:00,2142,1307,2375,879,1164,1589,1441,469,685,6234,2704,2214,1344,2385,878,1181,1653,1329,365,739,6057,2543
1/25/2005,8:00,2183,1319,2380,873,1163,1582,1456,459,699,6566,2769,2242,1351,2389,869,1189,1650,1362,375,760,6481,2648
1/25/2005,9:00,2193,1330,2376,876,1157,1576,1453,444,708,6827,2809,2251,1347,2377,862,1179,1642,1375,380,770,6760,2699
1/25/2005,10:00,2208,1328,2373,869,1149,1569,1454,431,709,6973,2839,2252,1347,2368,852,1163,1637,1382,381,771,6859,2729
1/25/2005,11:00,2188,1323,2351,860,1146,1554,1436,367,764,7020,2829,2231,1335,2339,846,1144,1615,1373,381,771,6874,2729
1/25/2005,12:00,2171,1309,2326,854,1116,1530,1412,289,818,6999,2790,2201,1315,2306,841,1115,1579,1360,376,761,6841,2707
1/25/2005,13:00,2179,1300,2307,852,1110,1511,1395,275,821,6970,2751,2195,1307,2293,833,1101,1555,1352,374,757,6826,2694
1/25/2005,14:00,2162,1313,2282,859,1109,1521,1382,271,812,6928,2735,2170,1295,2268,828,1085,1530,1349,371,753,6803,2694
1/25/2005,15:00,2147,1316,2300,861,1108,1532,1384,273,816,6930,2761,2154,1292,2268,830,1081,1535,1351,376,763,6815,2737
1/25/2005,16:00,2188,1340,2353,873,1139,1586,1434,299,850,7070,2919,2177,1328,2317,841,1114,1590,1390,391,791,6917,2856
1/25/2005,17:00,2294,1445,2497,901,1230,1742,1561,353,921,7308,3242,2299,1441,2477,867,1210,1738,1521,431,873,7159,3215
1/25/2005,18:00,2324,1473,2538,898,1237,1763,1596,395,912,7176,3288,2350,1473,2532,879,1241,1778,1564,442,895,7030,3318
1/25/2005,19:00,2285,1443,2511,897,1221,1721,1569,400,883,6958,3200,2328,1439,2485,875,1217,1737,1547,426,863,6762,3235
1/25/2005,20:00,2233,1388,2434,881,1188,1649,1521,383,849,6694,3076,2290,1400,2423,867,1183,1689,1522,413,838,6551,3155
1/25/2005,21:00,2144,1311,2328,860,1121,1534,1443,353,795,6412,2886,2211,1327,2321,852,1119,1594,1451,392,794,6316,2999
1/25/2005,22:00,2001,1190,2157,839,1032,1400,1327,313,722,6030,2595,2069,1206,2162,835,1033,1472,1335,353,716,5937,2708
1/25/2005,23:00,1862,1086,2007,825,954,1279,1213,272,651,5533,2321,1914,1092,2023,821,962,1353,1222,312,631,5418,2398
1/26/2005,0:00,1762,1015,1938,819,952,1213,1135,250,594,5087,2114,1795,1013,1908,807,886,1267,1086,276,571,4894,2078
1/26/2005,1:00,1716,983,1899,816,929,1184,1102,240,566,4837,2024,1750,984,1855,804,858,1226,1047,262,543,4638,1965
1/26/2005,2:00,1692,967,1851,819,900,1165,1093,243,556,4700,1969,1736,974,1829,799,846,1211,1027,257,533,4470,1899
1/26/2005,3:00,1675,967,1835,825,885,1186,1089,244,551,4631,1945,1724,970,1818,795,840,1204,1023,255,528,4413,1879
1/26/2005,4:00,1699,985,1858,823,893,1204,1095,251,556,4648,1969,1743,990,1842,800,857,1224,1035,258,535,4434,1899
1/26/2005,5:00,1793,1073,1956,831,969,1289,1145,270,593,4920,2087,1826,1067,1959,814,926,1311,1086,276,571,4687,2010
1/26/2005,6:00,1983,1227,2190,869,1092,1442,1255,298,667,5465,2362,1996,1224,2198,846,1065,1504,1206,317,657,5285,2288
1/26/2005,7:00,2157,1329,2336,885,1164,1551,1343,315,747,6076,2596,2150,1316,2314,862,1140,1626,1293,350,726,5947,2528
1/26/2005,8:00,2207,1338,2349,892,1186,1600,1399,327,787,6457,2701,2185,1330,2335,858,1161,1644,1340,364,753,6396,2656
1/26/2005,9:00,2222,1358,2365,892,1179,1618,1446,338,810,6767,2777,2210,1341,2345,852,1159,1648,1369,371,769,6707,2733
1/26/2005,10:00,2246,1384,2384,889,1175,1628,1459,339,818,6890,2821,2227,1352,2355,850,1155,1650,1396,374,778,6848,2788
1/26/2005,11:00,2245,1368,2384,885,1166,1616,1468,336,823,6959,2838,2221,1351,2339,847,1148,1637,1402,375,779,6914,2807
1/26/2005,12:00,2247,1346,2355,880,1137,1595,1464,332,811,6967,2837,2205,1339,2321,843,1130,1616,1398,374,775,6917,2801
1/26/2005,13:00,2248,1342,2338,874,1095,1598,1450,324,800,6944,2826,2208,1338,2316,841,1123,1603,1404,374,776,6932,2805
1/26/2005,14:00,2208,1334,2320,867,1096,1576,1439,321,796,6925,2822,2190,1330,2305,837,1114,1593,1404,372,772,6932,2816
1/26/2005,15:00,2186,1332,2310,869,1096,1570,1452,319,806,6964,2854,2183,1335,2314,838,1120,1606,1418,379,787,6972,2870
1/26/2005,16:00,2217,1362,2360,877,1138,1624,1498,340,834,7100,2967,2205,1366,2362,851,1154,1664,1462,394,817,7072,2989
1/26/2005,17:00,2325,1458,2520,906,1222,1775,1621,382,897,7280,3240,2307,1458,2495,866,1238,1784,1560,428,887,7211,3272
1/26/2005,18:00,2391,1484,2588,919,1238,1813,1656,404,912,7188,3311,2343,1480,2528,868,1250,1785,1570,434,900,7035,3319
1/26/2005,19:00,2367,1453,2551,914,1220,1776,1627,405,889,6993,3241,2306,1437,2466,861,1217,1712,1531,416,863,6754,3204
1/26/2005,20:00,2304,1402,2479,905,1178,1716,1578,393,858,6779,3128,2259,1394,2401,849,1178,1655,1489,401,831,6503,3092
1/26/2005,21:00,2216,1316,2368,897,1123,1620,1501,370,809,6515,2951,2180,1321,2297,831,1114,1558,1412,377,781,6220,2906
1/26/2005,22:00,2082,1203,2227,874,1053,1495,1396,332,746,6178,2681,2045,1206,2141,812,1021,1420,1295,340,705,5826,2617
1/26/2005,23:00,1956,1106,2080,854,986,1395,1300,301,679,5704,2420,1897,1102,2007,799,943,1295,1181,300,622,5334,2328
1/27/2005,0:00,1862,1038,2014,852,939,1323,1240,281,627,5306,2229,1881,1032,1981,811,951,1267,1077,277,569,4920,2062
1/27/2005,1:00,1808,1005,1977,852,916,1298,1213,273,601,5077,2149,1846,1002,1929,809,928,1241,1044,264,544,4671,1963
1/27/2005,2:00,1784,994,1948,855,905,1282,1207,272,594,4944,2104,1835,991,1906,808,927,1249,1029,260,535,4530,1903
1/27/2005,3:00,1778,995,1952,859,908,1289,1201,281,592,4889,2103,1832,993,1909,806,931,1257,1027,259,534,4483,1895
1/27/2005,4:00,1803,1019,1990,858,946,1316,1218,293,601,4932,2142,1861,1019,1948,812,953,1288,1043,264,543,4510,1922
1/27/2005,5:00,1896,1104,2147,869,1030,1411,1292,324,642,5211,2284,1954,1106,2088,832,1032,1386,1098,283,585,4769,2041
1/27/2005,6:00,2080,1259,2385,909,1152,1611,1423,380,733,5760,2578,2130,1271,2356,870,1166,1580,1224,326,673,5376,2309
1/27/2005,7:00,2193,1360,2520,930,1229,1709,1496,406,810,6377,2802,2244,1345,2466,884,1220,1667,1303,359,739,6046,2531
1/27/2005,8:00,2220,1366,2532,930,1249,1715,1520,401,836,6781,2904,2265,1361,2456,871,1218,1661,1342,371,762,6488,2662
1/27/2005,9:00,2241,1369,2516,928,1243,1699,1539,389,856,7097,2967,2284,1358,2433,862,1197,1654,1366,379,780,6806,2756
1/27/2005,10:00,2254,1375,2504,917,1231,1693,1542,488,764,7254,3003,2278,1363,2412,854,1183,1655,1384,379,781,6959,2818
1/27/2005,11:00,2218,1366,2483,899,1225,1678,1532,503,743,7299,2983,2254,1347,2379,845,1157,1632,1384,381,786,7003,2832
1/27/2005,12:00,2198,1340,2434,889,1209,1670,1519,477,739,7301,2963,2220,1319,2328,836,1121,1597,1376,377,776,6995,2813
1/27/2005,13:00,2221,1331,2418,883,1169,1620,1506,458,733,7291,2938,2195,1303,2303,827,1101,1576,1366,373,767,6984,2795
1/27/2005,14:00,2193,1317,2396,878,1157,1596,1487,467,725,7250,2926,2148,1284,2260,822,1081,1543,1367,368,759,6966,2783
1/27/2005,15:00,2146,1313,2392,879,1161,1593,1488,490,727,7252,2940,2109,1270,2243,821,1073,1545,1371,372,767,6975,2805
1/27/2005,16:00,2159,1337,2442,899,1189,1657,1528,502,747,7337,3061,2112,1299,2283,831,1104,1597,1407,385,794,7051,2905
1/27/2005,17:00,2270,1432,2591,929,1280,1826,1660,545,818,7570,3390,2249,1430,2468,860,1207,1760,1540,428,883,7310,3248
1/27/2005,18:00,2374,1485,2659,930,1300,1871,1717,571,849,7558,3516,2360,1492,2572,879,1262,1823,1595,446,920,7249,3378
1/27/2005,19:00,2346,1472,2646,931,1305,1839,1705,571,831,7377,3446,2363,1471,2546,882,1251,1795,1580,438,901,7038,3314
1/27/2005,20:00,2297,1436,2583,925,1261,1787,1672,556,806,7137,3342,2327,1437,2483,878,1228,1751,1549,424,872,6814,3200
1/27/2005,21:00,2261,1350,2473,906,1194,1693,1592,522,756,6847,3139,2242,1376,2393,866,1167,1662,1475,402,827,6543,3011
1/27/2005,22:00,2139,1234,2306,880,1118,1562,1478,484,685,6527,2847,2114,1260,2260,850,1098,1552,1364,364,751,6151,2725
1/27/2005,23:00,1997,1130,2165,870,1044,1441,1367,458,615,6018,2577,1975,1139,2137,832,1032,1436,1255,324,668,5643,2447
1/28/2005,0:00,1907,1067,2092,869,1006,1367,1298,437,560,5551,2396,1938,1049,2051,823,1001,1357,1150,299,620,5142,2166
1/28/2005,1:00,1865,1036,2060,866,991,1335,1259,431,538,5306,2306,1898,1018,1999,822,975,1327,1116,286,596,4897,2065
1/28/2005,2:00,1845,1023,2036,862,1001,1328,1260,427,521,5155,2259,1887,1010,1977,824,980,1337,1106,284,592,4763,2015
1/28/2005,3:00,1821,1022,2046,865,994,1338,1251,434,520,5091,2246,1884,1011,1983,823,984,1345,1105,283,589,4719,2010
1/28/2005,4:00,1863,1044,2073,860,1023,1362,1267,439,525,5112,2271,1911,1037,2022,829,1005,1374,1122,288,599,4747,2039
1/28/2005,5:00,1947,1123,2199,885,1086,1450,1331,463,561,5369,2384,2006,1123,2161,849,1080,1472,1180,307,640,5002,2159
1/28/2005,6:00,2118,1276,2427,919,1217,1652,1458,517,639,5880,2662,2174,1283,2418,884,1204,1655,1301,349,727,5604,2429
1/28/2005,7:00,2252,1370,2559,945,1283,1762,1544,547,709,6460,2872,2276,1352,2512,891,1251,1738,1374,381,794,6271,2643
1/28/2005,8:00,2275,1372,2581,941,1294,1770,1562,538,740,6860,2966,2294,1366,2491,876,1243,1724,1405,390,813,6688,2752
1/28/2005,9:00,2280,1368,2573,926,1301,1751,1567,528,756,7178,3016,2297,1356,2455,859,1212,1704,1419,393,817,6975,2810
1/28/2005,10:00,2259,1372,2555,919,1284,1729,1568,518,762,7313,3037,2277,1348,2414,844,1182,1686,1418,388,809,7068,2831
1/28/2005,11:00,2250,1357,2523,904,1258,1704,1560,511,748,7339,3022,2239,1324,2362,827,1141,1644,1407,384,797,7060,2813
1/28/2005,12:00,2218,1339,2459,887,1224,1661,1533,470,744,7328,2969,2193,1288,2297,812,1093,1590,1386,375,781,6993,2760
1/28/2005,13:00,2187,1323,2400,879,1182,1632,1503,456,733,7289,2924,2159,1268,2260,800,1063,1554,1371,367,763,6935,2721
1/28/2005,14:00,2141,1297,2344,867,1158,1603,1479,445,729,7207,2883,2104,1243,2205,792,1038,1511,1363,360,748,6863,2689
1/28/2005,15:00,2089,1283,2314,866,1150,1595,1467,443,735,7173,2875,2053,1221,2172,789,1022,1503,1354,361,751,6821,2691
1/28/2005,16:00,2083,1300,2349,878,1170,1631,1502,462,744,7237,2960,2044,1239,2192,794,1046,1540,1379,372,775,6872,2782
1/28/2005,17:00,2134,1379,2475,903,1244,1756,1617,511,798,7400,3228,2170,1355,2361,822,1144,1693,1512,418,870,7144,3155
1/28/2005,18:00,2256,1415,2527,898,1278,1787,1669,535,824,7334,3325,2282,1414,2459,840,1204,1759,1575,437,910,7078,3329
1/28/2005,19:00,2222,1384,2486,898,1253,1750,1647,530,795,7111,3241,2286,1389,2430,838,1191,1727,1558,425,883,6816,3256
1/28/2005,20:00,2196,1339,2422,890,1220,1698,1614,517,769,6846,3129,2256,1355,2368,834,1169,1688,1538,414,861,6600,3180
1/28/2005,21:00,2144,1303,2343,881,1162,1627,1562,502,722,6594,2989,2181,1304,2289,824,1119,1618,1487,399,830,6387,3066
1/28/2005,22:00,2043,1225,2218,867,1095,1529,1469,475,671,6290,2776,2066,1204,2175,811,1062,1536,1402,370,770,6069,2841
1/28/2005,23:00,1902,1131,2101,847,1041,1433,1379,438,616,5883,2551,1933,1089,2070,795,1002,1433,1309,333,694,5644,2580
1/29/2005,0:00,1793,1059,2012,843,978,1366,1311,419,563,5475,2358,1824,997,1940,818,977,1357,1191,320,622,5146,2241
1/29/2005,1:00,1739,1033,1982,842,934,1326,1265,410,527,5215,2255,1775,964,1883,815,952,1321,1150,305,593,4893,2120
1/29/2005,2:00,1719,1021,1973,836,928,1295,1247,400,511,5042,2179,1749,951,1855,811,948,1309,1135,299,581,4747,2062
1/29/2005,3:00,1709,1009,1941,836,921,1295,1244,403,504,4954,2156,1736,944,1846,807,944,1306,1129,295,575,4673,2034
1/29/2005,4:00,1707,1008,1966,829,932,1310,1243,409,506,4933,2160,1743,953,1859,810,953,1314,1136,296,575,4646,2036
1/29/2005,5:00,1730,1050,2012,842,950,1347,1275,426,516,4985,2211,1789,991,1915,820,990,1361,1166,304,591,4727,2081
1/29/2005,6:00,1802,1107,2093,855,1012,1399,1325,441,549,5139,2314,1853,1060,2026,838,1045,1438,1225,321,626,4935,2204
1/29/2005,7:00,1879,1165,2158,864,1086,1488,1368,460,581,5326,2421,1893,1108,2094,842,1081,1491,1264,336,653,5159,2311
1/29/2005,8:00,1945,1237,2256,869,1149,1582,1445,489,623,5631,2597,1939,1163,2149,847,1118,1546,1310,354,689,5447,2456
1/29/2005,9:00,1930,1277,2305,872,1162,1620,1478,485,649,5905,2698,1971,1190,2175,843,1119,1569,1338,365,710,5725,2572
1/29/2005,10:00,1934,1272,2301,863,1141,1609,1483,474,651,6089,2734,1969,1188,2151,833,1100,1559,1345,368,715,5886,2630
1/29/2005,11:00,1901,1263,2260,845,1123,1565,1457,453,647,6178,2712,1940,1166,2103,821,1062,1520,1325,365,710,5930,2629
1/29/2005,12:00,1858,1220,2197,835,1079,1518,1417,396,665,6143,2644,1898,1131,2043,809,1017,1464,1298,357,694,5880,2587
1/29/2005,13:00,1820,1196,2152,826,1056,1482,1385,317,722,6079,2579,1862,1105,1998,798,977,1412,1277,346,673,5811,2532
1/29/2005,14:00,1804,1182,2118,816,1039,1459,1359,299,728,6023,2552,1823,1081,1953,789,950,1372,1256,338,659,5732,2479
1/29/2005,15:00,1801,1182,2105,818,1004,1454,1351,290,729,5994,2531,1796,1070,1939,785,938,1365,1249,337,655,5674,2460
1/29/2005,16:00,1830,1211,2150,826,1055,1500,1384,303,744,6037,2609,1812,1096,1973,790,968,1403,1281,346,673,5712,2538
1/29/2005,17:00,1958,1310,2287,842,1145,1638,1507,347,812,6350,2924,1948,1210,2135,812,1067,1540,1404,389,758,6010,2884
1/29/2005,18:00,2056,1328,2314,853,1153,1669,1538,364,836,6475,3027,2055,1276,2232,824,1123,1600,1467,415,807,6194,3058
1/29/2005,19:00,2045,1311,2271,847,1114,1622,1509,364,811,6375,2949,2061,1257,2209,821,1108,1572,1447,409,794,6087,3009
1/29/2005,20:00,2018,1268,2211,822,1095,1569,1470,365,778,6198,2862,2036,1222,2152,810,1081,1522,1412,398,774,5956,2952
1/29/2005,21:00,1947,1214,2145,817,1056,1492,1416,365,735,6026,2738,1966,1169,2071,795,1030,1458,1371,384,747,5791,2848
1/29/2005,22:00,1851,1120,2020,801,975,1385,1343,346,688,5786,2560,1871,1083,1960,780,977,1383,1302,361,703,5575,2668
1/29/2005,23:00,1756,1060,1936,793,913,1290,1260,314,642,5499,2372,1764,993,1864,768,925,1303,1223,331,645,5265,2455
1/30/2005,0:00,1676,1010,1879,793,858,1229,1180,288,593,5209,2189,1697,944,1789,800,861,1235,1091,292,583,4901,2132
1/30/2005,1:00,1624,964,1822,791,822,1184,1129,273,561,4968,2073,1648,909,1733,795,835,1194,1046,276,550,4658,2001
1/30/2005,2:00,1601,942,1781,786,812,1152,1111,275,538,4795,2004,1623,888,1696,786,820,1181,1015,266,530,4498,1921
1/30/2005,3:00,1583,934,1739,786,804,1145,1098,274,530,4700,1972,1607,879,1681,781,812,1170,1004,261,521,4404,1882
1/30/2005,4:00,1581,942,1754,791,805,1142,1095,251,548,4653,1962,1608,882,1682,782,815,1171,1005,260,517,4368,1870
1/30/2005,5:00,1581,966,1800,794,825,1162,1108,262,548,4677,1974,1629,904,1709,787,837,1191,1014,264,527,4404,1888
1/30/2005,6:00,1634,1012,1864,801,868,1205,1146,281,560,4795,2040,1669,947,1778,799,877,1234,1042,275,548,4501,1952
1/30/2005,7:00,1680,1042,1908,809,918,1268,1180,307,571,4883,2094,1699,989,1840,811,913,1284,1078,284,565,4625,2014
1/30/2005,8:00,1757,1116,1998,815,995,1368,1255,333,600,5116,2246,1743,1043,1913,820,965,1354,1141,301,599,4859,2151
1/30/2005,9:00,1794,1156,2059,821,1037,1426,1307,324,649,5401,2377,1782,1082,1971,826,996,1403,1201,317,631,5130,2294
1/30/2005,10:00,1792,1157,2062,820,1038,1423,1330,304,685,5670,2466,1794,1095,1989,824,998,1420,1241,326,651,5347,2405
1/30/2005,11:00,1782,1165,2034,812,1014,1403,1330,285,708,5807,2515,1794,1101,1992,819,988,1415,1258,332,660,5486,2476
1/30/2005,12:00,1774,1174,2027,804,993,1391,1318,279,703,5809,2509,1784,1098,1983,813,966,1397,1261,331,660,5544,2504
1/30/2005,13:00,1768,1171,1984,799,968,1350,1307,269,696,5795,2457,1768,1088,1965,805,942,1365,1259,329,655,5559,2499
1/30/2005,14:00,1758,1154,1967,794,942,1312,1300,259,689,5779,2433,1749,1074,1940,800,921,1342,1257,327,651,5561,2492
1/30/2005,15:00,1755,1152,1979,792,949,1337,1302,267,691,5770,2443,1744,1076,1949,801,921,1346,1269,331,658,5581,2517
1/30/2005,16:00,1808,1180,2041,804,975,1281,1351,286,713,5842,2532,1782,1117,2008,812,959,1398,1314,343,682,5673,2622
1/30/2005,17:00,1946,1304,2206,832,1103,1537,1475,336,782,6172,2839,1925,1234,2167,831,1053,1524,1424,380,757,5950,2908
1/30/2005,18:00,2038,1344,2304,838,1133,1605,1525,359,829,6348,2968,2004,1284,2238,836,1093,1564,1455,397,789,6084,2998
1/30/2005,19:00,2030,1325,2263,834,1114,1583,1506,358,825,6275,2921,2006,1268,2213,829,1080,1534,1425,389,775,6025,2929
1/30/2005,20:00,2005,1289,2203,828,1066,1533,1466,343,809,6154,2848,1987,1237,2163,820,1051,1490,1392,381,759,5956,2871
1/30/2005,21:00,1947,1231,2120,816,1025,1447,1394,317,773,5995,2696,1936,1180,2080,807,990,1410,1329,366,729,5824,2729
1/30/2005,22:00,1870,1141,2010,803,938,1328,1301,282,712,5706,2484,1851,1091,1957,793,915,1313,1238,337,671,5578,2517
1/30/2005,23:00,1797,1079,1952,803,871,1226,1209,249,648,5330,2243,1748,998,1843,783,856,1217,1139,301,599,5208,2279
1/31/2005,0:00,1734,1022,1901,804,862,1157,1146,233,599,5006,2071,1751,956,1786,759,835,1200,1032,260,549,4710,1943
1/31/2005,1:00,1704,1009,1892,805,845,1138,1111,231,566,4808,1995,1727,930,1748,757,817,1173,1000,249,527,4506,1843
1/31/2005,2:00,1698,1006,1885,799,830,1135,1098,232,555,4681,1954,1729,925,1733,758,815,1173,989,247,521,4389,1799
1/31/2005,3:00,1694,1006,1886,805,835,1143,1102,246,541,4637,1953,1733,929,1739,756,818,1182,989,246,519,4356,1793
1/31/2005,4:00,1738,1048,1946,813,865,1172,1122,270,537,4676,1989,1765,957,1779,763,841,1212,1008,251,529,4402,1823
1/31/2005,5:00,1846,1121,2067,818,951,1282,1189,313,560,4942,2124,1863,1045,1914,780,912,1305,1065,270,570,4670,1940
1/31/2005,6:00,2018,1279,2297,868,1102,1503,1332,405,610,5552,2430,2039,1214,2168,816,1042,1487,1191,310,655,5241,2200
1/31/2005,7:00,2169,1364,2422,889,1168,1608,1407,436,675,6134,2622,2159,1291,2278,830,1112,1582,1272,343,722,5890,2422
1/31/2005,8:00,2216,1359,2408,886,1168,1596,1423,429,696,6507,2703,2194,1316,2283,819,1122,1585,1310,353,746,6315,2545
1/31/2005,9:00,2262,1337,2380,869,1159,1578,1422,354,769,6769,2750,2204,1314,2271,810,1109,1570,1327,359,758,6622,2621
1/31/2005,10:00,2269,1331,2363,858,1133,1558,1420,306,806,6877,2771,2196,1313,2252,801,1091,1555,1337,360,759,6746,2662
1/31/2005,11:00,2218,1302,2312,846,1115,1527,1402,284,817,6903,2753,2169,1295,2223,791,1063,1525,1332,358,755,6777,2664
1/31/2005,12:00,2186,1297,2291,840,1078,1489,1382,274,809,6893,2715,2132,1270,2181,779,1027,1488,1313,353,745,6762,2639
1/31/2005,13:00,2187,1289,2260,829,1070,1465,1368,268,803,6900,2683,2112,1258,2163,772,1007,1456,1307,347,733,6749,2620
1/31/2005,14:00,2124,1271,2228,825,1032,1436,1350,264,791,6854,2660,2069,1243,2126,766,987,1425,1299,343,724,6716,2607
1/31/2005,15:00,2090,1268,2214,820,1033,1443,1352,264,798,6838,2671,2038,1231,2112,765,978,1427,1299,346,732,6717,2630
1/31/2005,16:00,2095,1306,2246,834,1070,1507,1388,292,817,6895,2784,2053,1263,2151,774,1009,1479,1336,360,759,6804,2736
1/31/2005,17:00,2220,1429,2422,862,1176,1667,1522,344,884,7130,3117,2180,1380,2314,799,1104,1625,1464,401,848,7059,3083
1/31/2005,18:00,2319,1473,2503,874,1198,1717,1589,373,919,7103,3265,2274,1439,2407,813,1156,1685,1524,421,888,6989,3236
1/31/2005,19:00,2300,1452,2471,869,1173,1680,1579,372,901,6908,3202,2274,1419,2382,811,1148,1654,1507,412,869,6759,3164
1/31/2005,20:00,2256,1407,2400,860,1148,1620,1538,358,875,6675,3106,2236,1378,2315,802,1116,1598,1473,400,844,6550,3074
1/31/2005,21:00,2171,1327,2281,847,1077,1510,1456,333,818,6383,2907,2155,1310,2217,788,1051,1511,1405,379,801,6323,2916
1/31/2005,22:00,2048,1214,2142,828,984,1378,1340,303,738,6002,2620,2018,1184,2063,770,971,1395,1291,341,719,5936,2630
1/31/2005,23:00,1908,1119,1982,815,909,1267,1229,280,657,5492,2348,1874,1062,1928,754,899,1273,1176,301,634,5405,2321
